<application>
  <component name="BaseRefactoringSettings">
    <option name="SAFE_DELETE_SEARCH_IN_COMMENTS" value="false" />
  </component>
  <component name="RefactoringSettings">
    <option name="INTRODUCE_PARAMETER_REPLACE_FIELDS_WITH_GETTERS" value="1" />
    <option name="INTRODUCE_FIELD_VISIBILITY" value="private" />
    <option name="INTRODUCE_CONSTANT_VISIBILITY" value="public" />
    <option name="INTRODUCE_LOCAL_CREATE_FINALS" value="false" />
    <option name="INTRODUCE_PARAMETER_CREATE_FINALS" value="false" />
  </component>
</application>