<application>
  <component name="NotificationConfiguration">
    <notification groupId=".ignore plugin" />
    <notification groupId=".ignore plugin update information" />
    <notification groupId="Cursive Licence" displayType="NONE" shouldLog="false" />
    <notification groupId="Custom Postfix Templates" displayType="NONE" shouldLog="false" />
    <notification groupId="IDE and Plugin Updates" displayType="NONE" />
    <notification groupId="Platform and Plugin Updates" shouldLog="false" />
  </component>
</application>