<application>
  <component name="CvsApplicationLevelConfiguration">
    <option name="PATH_TO_PASSWORD_FILE" value="$userdir/.cvspass" />
  </component>
  <component name="EduSettings">
    <option name="lastTimeChecked" value="1533840996491" />
    <option name="LAST_TIME_CHECKED" value="1533840996491" />
  </component>
  <component name="JavaFxSettings">
    <option name="pathToSceneBuilder" value="/Applications/JavaFX Scene Builder 2.0.app" />
    <option name="myPathToSceneBuilder" value="/Applications/JavaFX Scene Builder 2.0.app" />
  </component>
  <component name="LuaApplicationSettings">
    <option name="INTERPRETERS">
      <list>
        <LuaInterpreter>
          <option name="version" value="5.2.4" />
          <option name="isDefault" value="true" />
          <option name="name" value="" />
          <option name="path" value="/usr/local/Cellar/lua/5.2.4_4/bin/lua" />
        </LuaInterpreter>
      </list>
    </option>
  </component>
  <component name="NodeJsLocalInterpreters">
    <local-interpreter path="/usr/local/bin/node">
      <version-cache last-modified="0" />
    </local-interpreter>
    <local-interpreter path="C:/Program Files/nodejs/node.exe">
      <version-cache version="10.14.2" last-modified="1544496520000" />
    </local-interpreter>
    <local-interpreter path="/usr/local/Cellar/node/7.10.0/bin/node">
      <version-cache last-modified="0" />
    </local-interpreter>
  </component>
</application>