<application>
  <component name="GitRememberedInputs">
    <option name="visitedUrls">
      <list>
        <UrlAndUserName>
          <option name="url" value="http://bitbucket.org" />
          <option name="userName" value="MenkeTechnologies" />
        </UrlAndUserName>
        <UrlAndUserName>
          <option name="url" value="https://tfs.ups.com/tfs/UpsProd/P07SGIT_Network_Planning/_git/tsnm-flow-rules-engine" />
          <option name="userName" value="" />
        </UrlAndUserName>
        <UrlAndUserName>
          <option name="url" value="ssh://tfs.ups.com:2222/tfs/UpsProd/P07SGIT_Network_Planning/_git/tsnm-flow-rules-engine" />
          <option name="userName" value="" />
        </UrlAndUserName>
        <UrlAndUserName>
          <option name="url" value="https://tfs.ups.com/tfs/UpsProd/P07SGIT_Network_Planning/_git/npt-ui" />
          <option name="userName" value="" />
        </UrlAndUserName>
        <UrlAndUserName>
          <option name="url" value="ssh://tfs.ups.com:2222/tfs/UpsProd/P07SGIT_Network_Planning/_git/npt-ui" />
          <option name="userName" value="" />
        </UrlAndUserName>
      </list>
    </option>
    <option name="cloneParentDir" value="C:\Users\YDK7JTH\IdeaProjects" />
  </component>
  <component name="Vcs.Log.App.Settings">
    <option name="SHOW_DIFF_PREVIEW" value="true" />
  </component>
</application>