<application>
  <component name="VimSettings">
    <state version="4" enabled="true" />
    <globalmarks>
      <mark key="B" line="3" column="0" filename="$USER_HOME$/IdeaProjects/fortrantut/src/main/java/test.java" protocol="file" />
    </globalmarks>
    <filemarks>
      <file name="$USER_HOME$/IdeaProjects/reallingua-web/webproject/src/utility/NotificationCountRetrieval.java" timestamp="1544454693890">
        <mark key="[" line="6" column="171" />
      </file>
      <file name="/a.dummy" timestamp="1545630117370">
        <mark key="[" line="0" column="0" />
      </file>
      <file name="$USER_HOME$/IdeaProjects/java11Tut/asdfadsf/adsf/a/dfs/adf/asd/fa/dsf/asdf/asdfads/fa/sdf/adsfadsfad/sf.html" timestamp="1545005572938">
        <mark key="[" line="0" column="0" />
      </file>
      <file name="$USER_HOME$/IdeaProjects/tsnm-alternate-flow-service/src/main/java/com/ups/ttg/npt/tsnm/flow/domain/FlowChangesWrapper.java" timestamp="1546891284528" />
      <file name="/NPT_TS_DEV .FLOW_AppData.TOVFTRH [NPT_TS_DEV@SVRT000091EF.tus.ams1907.com STEVEJOHNSON]" timestamp="1546532165329">
        <mark key="[" line="0" column="0" />
      </file>
      <file name="$USER_HOME$/IdeaProjects/tsnm-alternate-flow-service/src/main/java/com/ups/ttg/npt/tsnm/flow/config/HttpConfiguration.java" timestamp="1546890933582" />
      <file name="/NPT_TS.FLOW_AppData.TALTFLO_PFM_STS [NPT_TS@SVRT000098EB.tus.ams1907.com]" timestamp="1546452008756">
        <mark key="[" line="0" column="0" />
      </file>
      <file name="/NPT_TS.FLOW_AppData.BATCH_JOB_SEQ [NPT_TS@SVRT000098EB.tus.ams1907.com]" timestamp="1546451920532">
        <mark key="[" line="0" column="0" />
      </file>
      <file name="$USER_HOME$/IdeaProjects/tsnm-alternate-flow-service/src/main/java/com/ups/ttg/npt/tsnm/flow/service/OverFlowService.java" timestamp="1546891388420" />
      <file name="/root.table2 [root@localhost]" timestamp="1544788974989">
        <mark key="[" line="0" column="0" />
      </file>
      <file name="/udemy.hibernate_sequence [root@localhost]" timestamp="1544788986751">
        <mark key="[" line="0" column="0" />
      </file>
      <file name="$USER_HOME$/IdeaProjects/tsnm-alternate-flow-service/src/main/java/com/ups/ttg/npt/tsnm/flow/web/rest/util/AlternateFlowConstants.java" timestamp="1546900575109" />
      <file name="$USER_HOME$/IdeaProjects/tsnm-alternate-flow-service/src/main/java/com/ups/ttg/npt/tsnm/flow/web/rest/OverFlowResource.java" timestamp="1546899002666" />
      <file name="$USER_HOME$/IdeaProjects/tsnm-alternate-flow-service/src/main/java/com/ups/ttg/npt/tsnm/flow/web/rest/OverFlowResultsResource.java" timestamp="1546956592386">
        <mark key="[" line="49" column="5" />
      </file>
      <file name="/NPT_TS.FLOW_AppData.TALTFLO_RUL_STG [NPT_TS@SVRT000098EB.tus.ams1907.com]" timestamp="1546452013621">
        <mark key="[" line="0" column="0" />
      </file>
      <file name="/NPT_TS_DEV .FLOW_AppData.TDATED_ALT_FLO [NPT_TS_DEV@SVRT000091EF.tus.ams1907.com STEVEJOHNSON]" timestamp="1546531742704">
        <mark key="[" line="0" column="0" />
      </file>
      <file name="/NPT_TS.FLOW_AppData.TACN_TYP [NPT_TS@SVRT000098EB.tus.ams1907.com]" timestamp="1546451946781">
        <mark key="[" line="0" column="0" />
      </file>
      <file name="$USER_HOME$/IdeaProjects/tsnm-alternate-flow-service/src/main/java/com/ups/ttg/npt/tsnm/flow/domain/Alternate.java" timestamp="1546890800926" />
      <file name="/udemy.Person [root@localhost]" timestamp="1544788987938">
        <mark key="[" line="0" column="0" />
      </file>
      <file name="$USER_HOME$/IdeaProjects/tsnm-flow-plan-service/src/test/java/com/ups/ttg/npt/tsnm/flow/mapper/SortPairMapperTest.java" timestamp="1546443912675">
        <mark key="[" line="79" column="5" />
      </file>
      <file name="$USER_HOME$/IdeaProjects/tsnm-flow-path-stats/src/main/resources/application.yml" timestamp="1546899771230">
        <mark key="[" line="23" column="8" />
        <mark key="]" line="23" column="10" />
        <mark key="^" line="28" column="103" />
        <mark key="." line="23" column="10" />
      </file>
      <file name="$USER_HOME$/IdeaProjects/tsnm-alternate-flow-service/pom.xml" timestamp="1546884254183">
        <mark key="[" line="54" column="34" />
      </file>
      <file name="/reallingua.USER [root test 45.55.166.27]" timestamp="1544427485861">
        <mark key="[" line="0" column="0" />
      </file>
      <file name="$USER_HOME$/WebstormProjects/test-project/src/App.test.js" timestamp="1546272503066">
        <mark key="[" line="9" column="0" />
      </file>
      <file name="/NPT_TS.FLOW_AppData.BATCH_STEP_EXECUTION_CONTEXT [NPT_TS@SVRT000098EB.tus.ams1907.com]" timestamp="1546451927348">
        <mark key="[" line="0" column="0" />
      </file>
      <file name="/master.sys.soap_endpoints [NPT_TS@SVRT000098EB.tus.ams1907.com]" timestamp="1546466016808">
        <mark key="[" line="0" column="0" />
      </file>
      <file name="$USER_HOME$/IdeaProjects/npt-gateway/src/main/resources/application.properties" timestamp="1546894439889" />
      <file name="/NPT_TS_DEV .FLOW_AppData.TFLOTYP [NPT_TS_DEV@SVRT000091EF.tus.ams1907.com STEVEJOHNSON]" timestamp="1546633257282">
        <mark key="[" line="0" column="0" />
      </file>
      <file name="$USER_HOME$/IdeaProjects/tsnm-alternate-flow-service/src/main/java/com/ups/ttg/npt/tsnm/flow/service/impl/OverFlowServiceImpl.java" timestamp="1546892050753" />
      <file name="/HTML File.txt.ft" timestamp="1546618027934">
        <mark key="[" line="0" column="0" />
      </file>
      <file name="/NPT_TS_DEV .FLOW_AppData.TSRT_TYP [NPT_TS_DEV@SVRT000091EF.tus.ams1907.com]" timestamp="1546460269556">
        <mark key="[" line="0" column="0" />
      </file>
      <file name="/NPT_TS_DEV .FLOW_AppData.TSRT_TYP [NPT_TS_DEV@SVRT000091EF.tus.ams1907.com STEVEJOHNSON]" timestamp="1546639803522">
        <mark key="[" line="0" column="0" />
      </file>
      <file name="$USER_HOME$/IdeaProjects/fortrany/src/main/java/tommy.f90" timestamp="1545268698024">
        <mark key="[" line="2" column="13" />
      </file>
      <file name="$USER_HOME$/IdeaProjects/tsnm-alternate-flow-service/src/main/java/com/ups/ttg/npt/tsnm/flow/service/dto/TransitLinkSearch.java" timestamp="1546898975891">
        <mark key="[" line="31" column="29" />
      </file>
      <file name="/NPT_TS_DEV .FLOW_AppData.TSVCGRP_SVCGRPCBO [NPT_TS_DEV@SVRT000091EF.tus.ams1907.com STEVEJOHNSON]" timestamp="1546541694581">
        <mark key="[" line="0" column="0" />
      </file>
      <file name="/RegExp Fragment (SearchCriteriaValidator.java:2237).regexp" timestamp="1546452966345">
        <mark key="[" line="0" column="0" />
      </file>
      <file name="$USER_HOME$/IdeaProjects/tsnm-alternate-flow-service/src/main/java/com/ups/ttg/npt/tsnm/flow/service/dto/AlternateDestinationDTO.java" timestamp="1546899198511" />
      <file name="/NPT_TS_DEV .FLOW_AppData.TDATED_SRTPR_DMD_UNT_SMY [NPT_TS_DEV@SVRT000091EF.tus.ams1907.com STEVEJOHNSON]" timestamp="1546872491188">
        <mark key="[" line="0" column="0" />
      </file>
      <file name="$USER_HOME$/IdeaProjects/tsnm-alternate-flow-service/src/main/resources/application-dev.yml" timestamp="1546889286751">
        <mark key="[" line="45" column="0" />
        <mark key="]" line="45" column="0" />
        <mark key="." line="45" column="0" />
      </file>
      <file name="$USER_HOME$/IdeaProjects/tsnm-flow-path-stats/src/main/java/com/ups/ttg/npt/tsnm/flow/domain/FlowPathRequest.java" timestamp="1546900257144">
        <mark key="[" line="33" column="0" />
        <mark key="]" line="33" column="0" />
        <mark key="." line="33" column="0" />
      </file>
      <file name="/NPT_TS.FLOW_AppData.TALT_FLOW_APVSTS [NPT_TS@SVRT000098EB.tus.ams1907.com]" timestamp="1546452006188">
        <mark key="[" line="0" column="0" />
      </file>
      <file name="/NPT_TS_DEV .FLOW_AppData.TASYSVC_TYP [NPT_TS_DEV@SVRT000091EF.tus.ams1907.com STEVEJOHNSON]" timestamp="1546616811097">
        <mark key="[" line="0" column="0" />
      </file>
      <file name="/udemy.Student [root@localhost]" timestamp="1544788988807">
        <mark key="[" line="0" column="0" />
      </file>
      <file name="$USER_HOME$/IdeaProjects/tsnm-alternate-flow-service/src/main/java/com/ups/ttg/npt/tsnm/flow/AlternateFlowApplication.java" timestamp="1546956506962">
        <mark key="[" line="12" column="66" />
        <mark key="]" line="12" column="67" />
        <mark key="." line="12" column="67" />
        <mark key="^" line="12" column="67" />
      </file>
      <file name="/NPT_TS_DEV .FLOW_AppData.TFLOW_NODE [NPT_TS_DEV@SVRT000091EF.tus.ams1907.com]" timestamp="1546461730524">
        <mark key="[" line="0" column="0" />
      </file>
      <file name="/udemy.Vehicle [root@localhost]" timestamp="1544788990297">
        <mark key="[" line="0" column="0" />
      </file>
      <file name="$USER_HOME$/IdeaProjects/java11Tut/test.css" timestamp="1545004108133">
        <mark key="[" line="0" column="0" />
      </file>
      <file name="$USER_HOME$/IdeaProjects/npt-gateway/src/main/java/com/ups/ttg/npt/gateway/NptGatewayApplication.java" timestamp="1546882097911" />
      <file name="$USER_HOME$/IdeaProjects/tsnm-flow-path-stats/src/main/resources/security.properties" timestamp="1546899758319" />
      <file name="/NPT_TS_DEV .FLOW_AppData.TACN_TYP [NPT_TS_DEV@SVRT000091EF.tus.ams1907.com STEVEJOHNSON]" timestamp="1546531806241">
        <mark key="[" line="0" column="0" />
      </file>
      <file name="$USER_HOME$/IdeaProjects/tsnm-alternate-flow-service/src/main/resources/application.yml" timestamp="1546882744799">
        <mark key="[" line="7" column="16" />
        <mark key="]" line="7" column="16" />
        <mark key="." line="7" column="16" />
      </file>
      <file name="/Dummy.regexp" timestamp="1546452998276">
        <mark key="[" line="0" column="0" />
      </file>
      <file name="/NPT_TS_DEV .FLOW_AppData.TSVCGRPCBO [NPT_TS_DEV@SVRT000091EF.tus.ams1907.com STEVEJOHNSON]" timestamp="1546541310003">
        <mark key="[" line="0" column="0" />
      </file>
      <file name="$USER_HOME$/IdeaProjects/tsnm-alternate-flow-service/src/main/java/com/ups/ttg/npt/tsnm/flow/service/util/AlternateUtil.java" timestamp="1546882935799" />
      <file name="/NPT_TS_DEV .FLOW_AppData.TSRTPIR [NPT_TS_DEV@SVRT000091EF.tus.ams1907.com STEVEJOHNSON]" timestamp="1546639787642">
        <mark key="[" line="0" column="0" />
      </file>
      <file name="/TFLOW [NPT_TS_DEV@SVRT000091EF.tus.ams1907.com]" timestamp="1546468613052">
        <mark key="[" line="0" column="0" />
      </file>
      <file name="/information_schema.TABLES [root@localhost]" timestamp="1544788998105">
        <mark key="[" line="0" column="0" />
      </file>
      <file name="/NPT_TS.FLOW_AppData.TSRTPIR [NPT_TS@SVRT000098EB.tus.ams1907.com]" timestamp="1546466859227">
        <mark key="[" line="0" column="0" />
      </file>
      <file name="/NPT_TS.FLOW_AppData.BATCH_STEP_EXECUTION_SEQ [NPT_TS@SVRT000098EB.tus.ams1907.com]" timestamp="1546451944700">
        <mark key="[" line="0" column="0" />
      </file>
      <file name="/NPT_TS.FLOW_AppData.BATCH_JOB_EXECUTION [NPT_TS@SVRT000098EB.tus.ams1907.com]" timestamp="1546451910812">
        <mark key="[" line="0" column="0" />
      </file>
      <file name="$USER_HOME$/IdeaProjects/tsnm-alternate-flow-service/src/main/java/com/ups/ttg/npt/tsnm/flow/repository/AlternateFlowRuleRepository.java" timestamp="1546882519502" />
      <file name="$USER_HOME$/IdeaProjects/tsnm-flow-plan-service/src/main/java/com/ups/ttg/npt/tsnm/flow/domain/SimSortPair.java" timestamp="1546898872490" />
      <file name="$MAVEN_REPOSITORY$/com/ups/ttg/npt/tsnm/flow/security/tsnm-security-util/1.0.0/tsnm-security-util-1.0.0.jar!/com/ups/ttg/npt/tsnm/flow/security/configuration/AuthHeaderSecurityConfig.class" timestamp="1546895919233" />
      <file name="/reallingua.USER [root prod 192.241.141.24]" timestamp="1544427444330">
        <mark key="[" line="0" column="0" />
      </file>
      <file name="/root.LearningCollection [root@localhost]" timestamp="1544788945784">
        <mark key="[" line="0" column="0" />
      </file>
      <file name="$USER_HOME$/IdeaProjects/tsnm-flow-path-stats/src/main/java/com/ups/ttg/npt/tsnm/flow/web/rest/FlowPathResource.java" timestamp="1546898804418" />
      <file name="$USER_HOME$/IdeaProjects/tsnm-flow-path-stats/src/main/java/com/ups/ttg/npt/tsnm/flow/service/FlowPathService.java" timestamp="1546897137075">
        <mark key="[" line="54" column="0" />
        <mark key="]" line="54" column="0" />
        <mark key="." line="54" column="0" />
      </file>
      <file name="$USER_HOME$/IdeaProjects/tsnm-alternate-flow-service/src/main/java/com/ups/ttg/npt/tsnm/flow/service/impl/AltFlowExclusionRangeServiceImpl.java" timestamp="1546884166209" />
      <file name="$APPLICATION_CONFIG_DIR$/consoles/db/f239b4d2-6f9c-4f4c-9e7a-36b06297d40a/console.sql" timestamp="1544789030038">
        <mark key="[" line="0" column="0" />
      </file>
      <file name="/NPT_TS_DEV .FLOW_AppData.TFLOW [NPT_TS_DEV@SVRT000091EF.tus.ams1907.com STEVEJOHNSON]" timestamp="1546872413973">
        <mark key="[" line="0" column="0" />
      </file>
      <file name="/NPT_TS_DEV .FLOW_AppData.TSRTPIR [NPT_TS_DEV@SVRT000091EF.tus.ams1907.com]" timestamp="1546467088059">
        <mark key="[" line="0" column="0" />
      </file>
      <file name="$USER_HOME$/IdeaProjects/tsnm-alternate-flow-service/src/main/java/com/ups/ttg/npt/tsnm/flow/web/rest/AlternateResource.java" timestamp="1546891973695" />
      <file name="/TSRTPIR [NPT_TS_DEV@SVRT000091EF.tus.ams1907.com]" timestamp="1546468613027">
        <mark key="[" line="0" column="0" />
      </file>
      <file name="/Dummy.txt" timestamp="1546900482922">
        <mark key="[" line="0" column="0" />
      </file>
      <file name="/Groovy Shell" timestamp="1544635838720">
        <mark key="[" line="0" column="0" />
      </file>
      <file name="/NPT_TS_DEV .FLOW_AppData.TFLOW [NPT_TS_DEV@SVRT000091EF.tus.ams1907.com]" timestamp="1546467035251">
        <mark key="[" line="0" column="0" />
      </file>
      <file name="/NPT_TS_DEV .sys.sql_logins [NPT_TS_DEV@SVRT000091EF.tus.ams1907.com]" timestamp="1546466026041">
        <mark key="[" line="0" column="0" />
      </file>
      <file name="$USER_HOME$/IdeaProjects/tsnm-alternate-flow-service/src/main/java/com/ups/ttg/npt/tsnm/flow/service/dto/OverFlowResponseDTO.java" timestamp="1546891297216" />
      <file name="/NPT_TS.FLOW_AppData.TFLOW [NPT_TS@SVRT000098EB.tus.ams1907.com]" timestamp="1546466842091">
        <mark key="[" line="0" column="0" />
      </file>
      <file name="$USER_HOME$/IdeaProjects/tsnm-flow-path-stats/src/test/resources/application.yml" timestamp="1546899753311" />
      <file name="$USER_HOME$/IdeaProjects/tsnm-flow-path-stats/src/main/java/com/ups/ttg/npt/tsnm/flow/FlowPathApplication.java" timestamp="1546894764725" />
      <file name="/NPT_TS_DEV .FLOW_AppData.TFLOW_NODE [NPT_TS_DEV@SVRT000091EF.tus.ams1907.com STEVEJOHNSON]" timestamp="1546872404559">
        <mark key="[" line="0" column="0" />
      </file>
      <file name="/NPT_TS.FLOW_AppData.TFLOW_NODE [NPT_TS@SVRT000098EB.tus.ams1907.com]" timestamp="1546466865147">
        <mark key="[" line="0" column="0" />
      </file>
      <file name="$USER_HOME$/IdeaProjects/tsnm-alternate-flow-service/src/main/java/com/ups/ttg/npt/tsnm/flow/domain/AlternateSortPair.java" timestamp="1546956359129">
        <mark key="[" line="45" column="4" />
        <mark key="]" line="45" column="4" />
        <mark key="^" line="45" column="9" />
        <mark key="." line="45" column="4" />
      </file>
      <file name="$USER_HOME$/IdeaProjects/tsnm-alternate-flow-service/src/main/java/com/ups/ttg/npt/tsnm/flow/domain/AlternateFlowRuleEntity.java" timestamp="1546891250798" />
      <file name="/NPT_TS.FLOW_AppData.BATCH_STEP_EXECUTION [NPT_TS@SVRT000098EB.tus.ams1907.com]" timestamp="1546451922757">
        <mark key="[" line="0" column="0" />
      </file>
      <file name="$USER_HOME$/IdeaProjects/reallingua-web/build.gradle" timestamp="1545629705526">
        <mark key="[" line="63" column="16" />
      </file>
      <file name="/fragment.java" timestamp="1546900435144">
        <mark key="[" line="0" column="0" />
      </file>
    </filemarks>
    <jumps>
      <jump line="387" column="48" filename="$USER_HOME$/IdeaProjects/tsnm-flow-plan-service/src/test/java/com/ups/ttg/npt/tsnm/flow/web/rest/SearchCriteriaValidatorTest.java" />
      <jump line="398" column="48" filename="$USER_HOME$/IdeaProjects/tsnm-flow-plan-service/src/test/java/com/ups/ttg/npt/tsnm/flow/web/rest/SearchCriteriaValidatorTest.java" />
      <jump line="409" column="48" filename="$USER_HOME$/IdeaProjects/tsnm-flow-plan-service/src/test/java/com/ups/ttg/npt/tsnm/flow/web/rest/SearchCriteriaValidatorTest.java" />
      <jump line="420" column="48" filename="$USER_HOME$/IdeaProjects/tsnm-flow-plan-service/src/test/java/com/ups/ttg/npt/tsnm/flow/web/rest/SearchCriteriaValidatorTest.java" />
      <jump line="431" column="48" filename="$USER_HOME$/IdeaProjects/tsnm-flow-plan-service/src/test/java/com/ups/ttg/npt/tsnm/flow/web/rest/SearchCriteriaValidatorTest.java" />
      <jump line="442" column="48" filename="$USER_HOME$/IdeaProjects/tsnm-flow-plan-service/src/test/java/com/ups/ttg/npt/tsnm/flow/web/rest/SearchCriteriaValidatorTest.java" />
      <jump line="453" column="48" filename="$USER_HOME$/IdeaProjects/tsnm-flow-plan-service/src/test/java/com/ups/ttg/npt/tsnm/flow/web/rest/SearchCriteriaValidatorTest.java" />
      <jump line="464" column="48" filename="$USER_HOME$/IdeaProjects/tsnm-flow-plan-service/src/test/java/com/ups/ttg/npt/tsnm/flow/web/rest/SearchCriteriaValidatorTest.java" />
      <jump line="475" column="48" filename="$USER_HOME$/IdeaProjects/tsnm-flow-plan-service/src/test/java/com/ups/ttg/npt/tsnm/flow/web/rest/SearchCriteriaValidatorTest.java" />
      <jump line="486" column="48" filename="$USER_HOME$/IdeaProjects/tsnm-flow-plan-service/src/test/java/com/ups/ttg/npt/tsnm/flow/web/rest/SearchCriteriaValidatorTest.java" />
      <jump line="497" column="48" filename="$USER_HOME$/IdeaProjects/tsnm-flow-plan-service/src/test/java/com/ups/ttg/npt/tsnm/flow/web/rest/SearchCriteriaValidatorTest.java" />
      <jump line="508" column="48" filename="$USER_HOME$/IdeaProjects/tsnm-flow-plan-service/src/test/java/com/ups/ttg/npt/tsnm/flow/web/rest/SearchCriteriaValidatorTest.java" />
      <jump line="519" column="48" filename="$USER_HOME$/IdeaProjects/tsnm-flow-plan-service/src/test/java/com/ups/ttg/npt/tsnm/flow/web/rest/SearchCriteriaValidatorTest.java" />
      <jump line="530" column="48" filename="$USER_HOME$/IdeaProjects/tsnm-flow-plan-service/src/test/java/com/ups/ttg/npt/tsnm/flow/web/rest/SearchCriteriaValidatorTest.java" />
      <jump line="541" column="48" filename="$USER_HOME$/IdeaProjects/tsnm-flow-plan-service/src/test/java/com/ups/ttg/npt/tsnm/flow/web/rest/SearchCriteriaValidatorTest.java" />
      <jump line="552" column="48" filename="$USER_HOME$/IdeaProjects/tsnm-flow-plan-service/src/test/java/com/ups/ttg/npt/tsnm/flow/web/rest/SearchCriteriaValidatorTest.java" />
      <jump line="563" column="48" filename="$USER_HOME$/IdeaProjects/tsnm-flow-plan-service/src/test/java/com/ups/ttg/npt/tsnm/flow/web/rest/SearchCriteriaValidatorTest.java" />
      <jump line="574" column="48" filename="$USER_HOME$/IdeaProjects/tsnm-flow-plan-service/src/test/java/com/ups/ttg/npt/tsnm/flow/web/rest/SearchCriteriaValidatorTest.java" />
      <jump line="586" column="48" filename="$USER_HOME$/IdeaProjects/tsnm-flow-plan-service/src/test/java/com/ups/ttg/npt/tsnm/flow/web/rest/SearchCriteriaValidatorTest.java" />
      <jump line="598" column="48" filename="$USER_HOME$/IdeaProjects/tsnm-flow-plan-service/src/test/java/com/ups/ttg/npt/tsnm/flow/web/rest/SearchCriteriaValidatorTest.java" />
      <jump line="610" column="48" filename="$USER_HOME$/IdeaProjects/tsnm-flow-plan-service/src/test/java/com/ups/ttg/npt/tsnm/flow/web/rest/SearchCriteriaValidatorTest.java" />
      <jump line="622" column="48" filename="$USER_HOME$/IdeaProjects/tsnm-flow-plan-service/src/test/java/com/ups/ttg/npt/tsnm/flow/web/rest/SearchCriteriaValidatorTest.java" />
      <jump line="634" column="48" filename="$USER_HOME$/IdeaProjects/tsnm-flow-plan-service/src/test/java/com/ups/ttg/npt/tsnm/flow/web/rest/SearchCriteriaValidatorTest.java" />
      <jump line="646" column="48" filename="$USER_HOME$/IdeaProjects/tsnm-flow-plan-service/src/test/java/com/ups/ttg/npt/tsnm/flow/web/rest/SearchCriteriaValidatorTest.java" />
      <jump line="658" column="48" filename="$USER_HOME$/IdeaProjects/tsnm-flow-plan-service/src/test/java/com/ups/ttg/npt/tsnm/flow/web/rest/SearchCriteriaValidatorTest.java" />
      <jump line="670" column="48" filename="$USER_HOME$/IdeaProjects/tsnm-flow-plan-service/src/test/java/com/ups/ttg/npt/tsnm/flow/web/rest/SearchCriteriaValidatorTest.java" />
      <jump line="682" column="48" filename="$USER_HOME$/IdeaProjects/tsnm-flow-plan-service/src/test/java/com/ups/ttg/npt/tsnm/flow/web/rest/SearchCriteriaValidatorTest.java" />
      <jump line="694" column="48" filename="$USER_HOME$/IdeaProjects/tsnm-flow-plan-service/src/test/java/com/ups/ttg/npt/tsnm/flow/web/rest/SearchCriteriaValidatorTest.java" />
      <jump line="706" column="48" filename="$USER_HOME$/IdeaProjects/tsnm-flow-plan-service/src/test/java/com/ups/ttg/npt/tsnm/flow/web/rest/SearchCriteriaValidatorTest.java" />
      <jump line="718" column="48" filename="$USER_HOME$/IdeaProjects/tsnm-flow-plan-service/src/test/java/com/ups/ttg/npt/tsnm/flow/web/rest/SearchCriteriaValidatorTest.java" />
      <jump line="731" column="48" filename="$USER_HOME$/IdeaProjects/tsnm-flow-plan-service/src/test/java/com/ups/ttg/npt/tsnm/flow/web/rest/SearchCriteriaValidatorTest.java" />
      <jump line="742" column="48" filename="$USER_HOME$/IdeaProjects/tsnm-flow-plan-service/src/test/java/com/ups/ttg/npt/tsnm/flow/web/rest/SearchCriteriaValidatorTest.java" />
      <jump line="753" column="48" filename="$USER_HOME$/IdeaProjects/tsnm-flow-plan-service/src/test/java/com/ups/ttg/npt/tsnm/flow/web/rest/SearchCriteriaValidatorTest.java" />
      <jump line="765" column="48" filename="$USER_HOME$/IdeaProjects/tsnm-flow-plan-service/src/test/java/com/ups/ttg/npt/tsnm/flow/web/rest/SearchCriteriaValidatorTest.java" />
      <jump line="777" column="48" filename="$USER_HOME$/IdeaProjects/tsnm-flow-plan-service/src/test/java/com/ups/ttg/npt/tsnm/flow/web/rest/SearchCriteriaValidatorTest.java" />
      <jump line="789" column="48" filename="$USER_HOME$/IdeaProjects/tsnm-flow-plan-service/src/test/java/com/ups/ttg/npt/tsnm/flow/web/rest/SearchCriteriaValidatorTest.java" />
      <jump line="801" column="48" filename="$USER_HOME$/IdeaProjects/tsnm-flow-plan-service/src/test/java/com/ups/ttg/npt/tsnm/flow/web/rest/SearchCriteriaValidatorTest.java" />
      <jump line="813" column="48" filename="$USER_HOME$/IdeaProjects/tsnm-flow-plan-service/src/test/java/com/ups/ttg/npt/tsnm/flow/web/rest/SearchCriteriaValidatorTest.java" />
      <jump line="825" column="48" filename="$USER_HOME$/IdeaProjects/tsnm-flow-plan-service/src/test/java/com/ups/ttg/npt/tsnm/flow/web/rest/SearchCriteriaValidatorTest.java" />
      <jump line="837" column="48" filename="$USER_HOME$/IdeaProjects/tsnm-flow-plan-service/src/test/java/com/ups/ttg/npt/tsnm/flow/web/rest/SearchCriteriaValidatorTest.java" />
      <jump line="849" column="48" filename="$USER_HOME$/IdeaProjects/tsnm-flow-plan-service/src/test/java/com/ups/ttg/npt/tsnm/flow/web/rest/SearchCriteriaValidatorTest.java" />
      <jump line="861" column="48" filename="$USER_HOME$/IdeaProjects/tsnm-flow-plan-service/src/test/java/com/ups/ttg/npt/tsnm/flow/web/rest/SearchCriteriaValidatorTest.java" />
      <jump line="873" column="48" filename="$USER_HOME$/IdeaProjects/tsnm-flow-plan-service/src/test/java/com/ups/ttg/npt/tsnm/flow/web/rest/SearchCriteriaValidatorTest.java" />
      <jump line="885" column="48" filename="$USER_HOME$/IdeaProjects/tsnm-flow-plan-service/src/test/java/com/ups/ttg/npt/tsnm/flow/web/rest/SearchCriteriaValidatorTest.java" />
      <jump line="897" column="48" filename="$USER_HOME$/IdeaProjects/tsnm-flow-plan-service/src/test/java/com/ups/ttg/npt/tsnm/flow/web/rest/SearchCriteriaValidatorTest.java" />
      <jump line="909" column="48" filename="$USER_HOME$/IdeaProjects/tsnm-flow-plan-service/src/test/java/com/ups/ttg/npt/tsnm/flow/web/rest/SearchCriteriaValidatorTest.java" />
      <jump line="921" column="48" filename="$USER_HOME$/IdeaProjects/tsnm-flow-plan-service/src/test/java/com/ups/ttg/npt/tsnm/flow/web/rest/SearchCriteriaValidatorTest.java" />
      <jump line="933" column="48" filename="$USER_HOME$/IdeaProjects/tsnm-flow-plan-service/src/test/java/com/ups/ttg/npt/tsnm/flow/web/rest/SearchCriteriaValidatorTest.java" />
      <jump line="945" column="48" filename="$USER_HOME$/IdeaProjects/tsnm-flow-plan-service/src/test/java/com/ups/ttg/npt/tsnm/flow/web/rest/SearchCriteriaValidatorTest.java" />
      <jump line="957" column="48" filename="$USER_HOME$/IdeaProjects/tsnm-flow-plan-service/src/test/java/com/ups/ttg/npt/tsnm/flow/web/rest/SearchCriteriaValidatorTest.java" />
      <jump line="969" column="48" filename="$USER_HOME$/IdeaProjects/tsnm-flow-plan-service/src/test/java/com/ups/ttg/npt/tsnm/flow/web/rest/SearchCriteriaValidatorTest.java" />
      <jump line="982" column="48" filename="$USER_HOME$/IdeaProjects/tsnm-flow-plan-service/src/test/java/com/ups/ttg/npt/tsnm/flow/web/rest/SearchCriteriaValidatorTest.java" />
      <jump line="994" column="48" filename="$USER_HOME$/IdeaProjects/tsnm-flow-plan-service/src/test/java/com/ups/ttg/npt/tsnm/flow/web/rest/SearchCriteriaValidatorTest.java" />
      <jump line="1006" column="48" filename="$USER_HOME$/IdeaProjects/tsnm-flow-plan-service/src/test/java/com/ups/ttg/npt/tsnm/flow/web/rest/SearchCriteriaValidatorTest.java" />
      <jump line="1018" column="48" filename="$USER_HOME$/IdeaProjects/tsnm-flow-plan-service/src/test/java/com/ups/ttg/npt/tsnm/flow/web/rest/SearchCriteriaValidatorTest.java" />
      <jump line="1030" column="48" filename="$USER_HOME$/IdeaProjects/tsnm-flow-plan-service/src/test/java/com/ups/ttg/npt/tsnm/flow/web/rest/SearchCriteriaValidatorTest.java" />
      <jump line="1042" column="48" filename="$USER_HOME$/IdeaProjects/tsnm-flow-plan-service/src/test/java/com/ups/ttg/npt/tsnm/flow/web/rest/SearchCriteriaValidatorTest.java" />
      <jump line="1054" column="48" filename="$USER_HOME$/IdeaProjects/tsnm-flow-plan-service/src/test/java/com/ups/ttg/npt/tsnm/flow/web/rest/SearchCriteriaValidatorTest.java" />
      <jump line="1066" column="48" filename="$USER_HOME$/IdeaProjects/tsnm-flow-plan-service/src/test/java/com/ups/ttg/npt/tsnm/flow/web/rest/SearchCriteriaValidatorTest.java" />
      <jump line="1078" column="48" filename="$USER_HOME$/IdeaProjects/tsnm-flow-plan-service/src/test/java/com/ups/ttg/npt/tsnm/flow/web/rest/SearchCriteriaValidatorTest.java" />
      <jump line="1090" column="48" filename="$USER_HOME$/IdeaProjects/tsnm-flow-plan-service/src/test/java/com/ups/ttg/npt/tsnm/flow/web/rest/SearchCriteriaValidatorTest.java" />
      <jump line="1102" column="48" filename="$USER_HOME$/IdeaProjects/tsnm-flow-plan-service/src/test/java/com/ups/ttg/npt/tsnm/flow/web/rest/SearchCriteriaValidatorTest.java" />
      <jump line="1114" column="48" filename="$USER_HOME$/IdeaProjects/tsnm-flow-plan-service/src/test/java/com/ups/ttg/npt/tsnm/flow/web/rest/SearchCriteriaValidatorTest.java" />
      <jump line="1126" column="48" filename="$USER_HOME$/IdeaProjects/tsnm-flow-plan-service/src/test/java/com/ups/ttg/npt/tsnm/flow/web/rest/SearchCriteriaValidatorTest.java" />
      <jump line="1138" column="48" filename="$USER_HOME$/IdeaProjects/tsnm-flow-plan-service/src/test/java/com/ups/ttg/npt/tsnm/flow/web/rest/SearchCriteriaValidatorTest.java" />
      <jump line="1150" column="48" filename="$USER_HOME$/IdeaProjects/tsnm-flow-plan-service/src/test/java/com/ups/ttg/npt/tsnm/flow/web/rest/SearchCriteriaValidatorTest.java" />
      <jump line="1162" column="48" filename="$USER_HOME$/IdeaProjects/tsnm-flow-plan-service/src/test/java/com/ups/ttg/npt/tsnm/flow/web/rest/SearchCriteriaValidatorTest.java" />
      <jump line="1174" column="48" filename="$USER_HOME$/IdeaProjects/tsnm-flow-plan-service/src/test/java/com/ups/ttg/npt/tsnm/flow/web/rest/SearchCriteriaValidatorTest.java" />
      <jump line="8" column="45" filename="$USER_HOME$/IdeaProjects/tsnm-flow-plan-service/src/test/java/com/ups/ttg/npt/tsnm/flow/web/rest/SearchCriteriaValidatorTest.java" />
      <jump line="15" column="38" filename="$USER_HOME$/IdeaProjects/tsnm-flow-plan-service/src/test/java/com/ups/ttg/npt/tsnm/flow/web/rest/SearchCriteriaValidatorTest.java" />
      <jump line="21" column="40" filename="$USER_HOME$/IdeaProjects/tsnm-flow-plan-service/src/test/java/com/ups/ttg/npt/tsnm/flow/web/rest/SearchCriteriaValidatorTest.java" />
      <jump line="24" column="8" filename="$USER_HOME$/IdeaProjects/tsnm-flow-plan-service/src/test/java/com/ups/ttg/npt/tsnm/flow/web/rest/SearchCriteriaValidatorTest.java" />
      <jump line="35" column="48" filename="$USER_HOME$/IdeaProjects/tsnm-flow-plan-service/src/test/java/com/ups/ttg/npt/tsnm/flow/web/rest/SearchCriteriaValidatorTest.java" />
      <jump line="46" column="48" filename="$USER_HOME$/IdeaProjects/tsnm-flow-plan-service/src/test/java/com/ups/ttg/npt/tsnm/flow/web/rest/SearchCriteriaValidatorTest.java" />
      <jump line="57" column="48" filename="$USER_HOME$/IdeaProjects/tsnm-flow-plan-service/src/test/java/com/ups/ttg/npt/tsnm/flow/web/rest/SearchCriteriaValidatorTest.java" />
      <jump line="68" column="48" filename="$USER_HOME$/IdeaProjects/tsnm-flow-plan-service/src/test/java/com/ups/ttg/npt/tsnm/flow/web/rest/SearchCriteriaValidatorTest.java" />
      <jump line="79" column="48" filename="$USER_HOME$/IdeaProjects/tsnm-flow-plan-service/src/test/java/com/ups/ttg/npt/tsnm/flow/web/rest/SearchCriteriaValidatorTest.java" />
      <jump line="90" column="48" filename="$USER_HOME$/IdeaProjects/tsnm-flow-plan-service/src/test/java/com/ups/ttg/npt/tsnm/flow/web/rest/SearchCriteriaValidatorTest.java" />
      <jump line="101" column="48" filename="$USER_HOME$/IdeaProjects/tsnm-flow-plan-service/src/test/java/com/ups/ttg/npt/tsnm/flow/web/rest/SearchCriteriaValidatorTest.java" />
      <jump line="55" column="106" filename="$USER_HOME$/IdeaProjects/tsnm-flow-plan-service/src/main/java/com/ups/ttg/npt/tsnm/flow/web/rest/SortPairResource.java" />
      <jump line="23" column="62" filename="$USER_HOME$/IdeaProjects/tsnm-flow-plan-service/src/main/java/com/ups/ttg/npt/tsnm/flow/web/rest/util/FlowPlanConstants.java" />
      <jump line="479" column="180" filename="/f678abfe/196d8955-2108-4ce5-83a9-953651beb55c/database/NPT_TS_DEV /schema/FLOW_AppObject/routine/FLOW_PLAN_SERVICE_SORT_PAIR_SMRY_SP.sql" />
      <jump line="21" column="24" filename="/f678abfe/196d8955-2108-4ce5-83a9-953651beb55c/database/NPT_TS_DEV /schema/FLOW_AppObject/routine/FLOW_PLAN_SERVICE_SORT_PAIR_SMRY_SP.sql" />
      <jump line="1055" column="0" filename="/f678abfe/196d8955-2108-4ce5-83a9-953651beb55c/database/NPT_TS_DEV /schema/FLOW_AppObject/routine/FLOW_PLAN_SERVICE_SORT_PAIR_SMRY_SP.sql" />
      <jump line="14" column="15" filename="/f678abfe/196d8955-2108-4ce5-83a9-953651beb55c/database/NPT_TS_DEV /schema/FLOW_AppObject/routine/FLOW_PLAN_SERVICE_SORT_PAIR_SMRY_SP.sql" />
      <jump line="15" column="14" filename="/f678abfe/196d8955-2108-4ce5-83a9-953651beb55c/database/NPT_TS_DEV /schema/FLOW_AppObject/routine/FLOW_PLAN_SERVICE_SORT_PAIR_SMRY_SP.sql" />
      <jump line="536" column="37" filename="/f678abfe/196d8955-2108-4ce5-83a9-953651beb55c/database/NPT_TS_DEV /schema/FLOW_AppObject/routine/FLOW_PLAN_SERVICE_SORT_PAIR_SMRY_SP.sql" />
      <jump line="1053" column="6" filename="/f678abfe/196d8955-2108-4ce5-83a9-953651beb55c/database/NPT_TS_DEV /schema/FLOW_AppObject/routine/FLOW_PLAN_SERVICE_SORT_PAIR_SMRY_SP.sql" />
      <jump line="533" column="13" filename="/f678abfe/196d8955-2108-4ce5-83a9-953651beb55c/database/NPT_TS_DEV /schema/FLOW_AppObject/routine/FLOW_PLAN_SERVICE_SORT_PAIR_SMRY_SP.sql" />
      <jump line="1033" column="25" filename="/f678abfe/196d8955-2108-4ce5-83a9-953651beb55c/database/NPT_TS_DEV /schema/FLOW_AppObject/routine/FLOW_PLAN_SERVICE_SORT_PAIR_SMRY_SP.sql" />
      <jump line="40" column="11" filename="/f678abfe/196d8955-2108-4ce5-83a9-953651beb55c/database/NPT_TS_DEV /schema/FLOW_AppObject/routine/FLOW_PLAN_SERVICE_SORT_PAIR_SMRY_SP.sql" />
      <jump line="38" column="8" filename="/f678abfe/196d8955-2108-4ce5-83a9-953651beb55c/database/NPT_TS_DEV /schema/FLOW_AppObject/routine/FLOW_PLAN_SERVICE_SORT_PAIR_SMRY_SP.sql" />
      <jump line="972" column="9" filename="/f678abfe/196d8955-2108-4ce5-83a9-953651beb55c/database/NPT_TS_DEV /schema/FLOW_AppObject/routine/FLOW_PLAN_SERVICE_SORT_PAIR_SMRY_SP.sql" />
      <jump line="39" column="17" filename="/f678abfe/196d8955-2108-4ce5-83a9-953651beb55c/database/NPT_TS_DEV /schema/FLOW_AppObject/routine/FLOW_PLAN_SERVICE_SORT_PAIR_SMRY_SP.sql" />
      <jump line="34" column="8" filename="/f678abfe/196d8955-2108-4ce5-83a9-953651beb55c/database/NPT_TS_DEV /schema/FLOW_AppObject/routine/FLOW_PLAN_SERVICE_SORT_PAIR_SMRY_SP.sql" />
      <jump line="49" column="107" filename="$USER_HOME$/IdeaProjects/tsnm-flow-plan-service/src/main/java/com/ups/ttg/npt/tsnm/flow/service/impl/SortServiceImpl.java" />
      <jump line="132" column="52" filename="$USER_HOME$/IdeaProjects/tsnm-flow-plan-service/src/main/java/com/ups/ttg/npt/tsnm/flow/service/impl/SortPairServiceImpl.java" />
      <jump line="188" column="17" filename="$USER_HOME$/IdeaProjects/tsnm-flow-plan-service/src/main/java/com/ups/ttg/npt/tsnm/flow/service/impl/SortPairServiceImpl.java" />
      <jump line="204" column="8" filename="$USER_HOME$/IdeaProjects/tsnm-flow-plan-service/src/main/java/com/ups/ttg/npt/tsnm/flow/service/impl/SortPairServiceImpl.java" />
      <jump line="49" column="43" filename="$USER_HOME$/IdeaProjects/tsnm-flow-plan-service/src/main/java/com/ups/ttg/npt/tsnm/flow/web/rest/SortPairResource.java" />
    </jumps>
    <registers>
      <register name="a" type="4">
        <text>dd</text>
      </register>
      <register name="&quot;" type="4">
        <text>@NotNu</text>
      </register>
      <register name="d" type="4">
        <text>&quot;68.61.164.29&quot;;</text>
      </register>
      <register name="-" type="4">
        <text>@NotNu</text>
      </register>
      <register name="/" type="4">
        <text encoding="base64">XDxmbG93U2VhcmNoQ3JpdGVyaWFSZXF1ZXN0XD4=</text>
      </register>
      <register name="0" type="2">
        <text encoding="base64">CUBQYXR0ZXJuKHJlZ2V4cCA9ICIiLCBtZXNzYWdlID0gIkludmFsaWQgc3RhcnQgZGF0ZSIpCg==</text>
      </register>
      <register name="1" type="2">
        <text encoding="base64">CUBQYXR0ZXJuKHJlZ2V4cCA9IEZsb3dQYXRoUmVxdWVzdC5kYXRlUmVnZXgsIG1lc3NhZ2UgPSAiSW52YWxpZCBzdGFydCBkYXRlIikK</text>
      </register>
      <register name="q" type="4">
        <text />
      </register>
      <register name="2" type="2">
        <text encoding="base64">CQl9Cg==</text>
      </register>
      <register name="3" type="2">
        <text encoding="base64">CQkgICAgCg==</text>
      </register>
      <register name="4" type="2">
        <text encoding="base64">ICAgICAgICAK</text>
      </register>
      <register name="5" type="2">
        <text encoding="base64">CQlpZiAoZmxvd1BhdGhSZXF1ZXN0KXsK</text>
      </register>
      <register name="6" type="2">
        <text encoding="base64">CQlyZXR1cm4gbmV3IFJlc3BvbnNlRW50aXR5LnN0YXR1cyhIdHRwU3RhdHVzLkJBRF9SRVFVRVNUKS5ib2R5KG51bGwpOwo=</text>
      </register>
      <register name="7" type="2">
        <text encoding="base64">CQkK</text>
      </register>
      <register name="8" type="2">
        <text encoding="base64">CQkK</text>
      </register>
      <register name="9" type="2">
        <text encoding="base64">CQl9Cg==</text>
      </register>
      <register name=":" type="4">
        <text>set all</text>
      </register>
    </registers>
    <search>
      <last-search encoding="base64">XDxmbG93U2VhcmNoQ3JpdGVyaWFSZXF1ZXN0XD4=</last-search>
      <last-offset />
      <last-pattern encoding="base64">XDxmbG93U2VhcmNoQ3JpdGVyaWFSZXF1ZXN0XD4=</last-pattern>
      <last-replace>id</last-replace>
      <last-substitute>Id</last-substitute>
      <last-dir>1</last-dir>
      <show-last>false</show-last>
    </search>
    <history>
      <history-search>
        <entry>errer</entry>
        <entry encoding="base64">XDwkXD4=</entry>
        <entry>parse</entry>
        <entry encoding="base64">XDwpXD4=</entry>
        <entry>}</entry>
        <entry>{</entry>
        <entry>67.205</entry>
        <entry>Translation</entry>
        <entry>`Trans</entry>
        <entry>`Translation</entry>
        <entry>h5</entry>
        <entry>tommy</entry>
        <entry>jsp</entry>
        <entry>getLangu</entry>
        <entry>scroll</entry>
        <entry encoding="base64">XDwyNFw+</entry>
        <entry encoding="base64">XDxwcm92aWRlZFdvcmRcPg==</entry>
        <entry>gradle</entry>
        <entry encoding="base64">XDxGbG93U2VhcmNoQ3JpdGVyaWFSZXF1ZXN0XD4=</entry>
        <entry encoding="base64">XDxmbG93U2VhcmNoQ3JpdGVyaWFSZXF1ZXN0XD4=</entry>
      </history-search>
      <history-cmd>
        <entry>:set nu</entry>
        <entry>set nu</entry>
        <entry>set showmode</entry>
        <entry>set visualbell</entry>
        <entry>set</entry>
        <entry>resize</entry>
        <entry>set wildmenu</entry>
        <entry>%s/..//</entry>
        <entry>%s/\.\.//</entry>
        <entry>%s/\.\.\///</entry>
        <entry encoding="base64">JzwsJz5zL2FjdGl2aXR5LXBhcnRpYWxzL3BhcnRpYWxzLWFjdGl2aXR5Lw==</entry>
        <entry encoding="base64">JzwsJz5zL0lkL2lkLw==</entry>
        <entry>set a;;</entry>
        <entry>set list</entry>
        <entry>r !ls</entry>
        <entry>jumps</entry>
        <entry>jumplist</entry>
        <entry>reg</entry>
        <entry>marks</entry>
        <entry>set all</entry>
      </history-cmd>
      <history-expr />
      <history-input />
    </history>
    <shortcut-conflicts>
      <shortcut-conflict owner="ide">
        <text>ctrl pressed H</text>
      </shortcut-conflict>
      <shortcut-conflict owner="ide">
        <text>ctrl pressed T</text>
      </shortcut-conflict>
      <shortcut-conflict owner="ide">
        <text>ctrl pressed V</text>
      </shortcut-conflict>
      <shortcut-conflict owner="vim">
        <text>ctrl pressed O</text>
      </shortcut-conflict>
      <shortcut-conflict owner="vim">
        <text>ctrl pressed A</text>
      </shortcut-conflict>
      <shortcut-conflict owner="vim">
        <text>ctrl pressed D</text>
      </shortcut-conflict>
      <shortcut-conflict owner="ide">
        <text>ctrl pressed E</text>
      </shortcut-conflict>
      <shortcut-conflict owner="ide">
        <text>ctrl pressed G</text>
      </shortcut-conflict>
      <shortcut-conflict owner="vim">
        <text>ctrl pressed J</text>
      </shortcut-conflict>
      <shortcut-conflict owner="vim">
        <text>ctrl pressed K</text>
      </shortcut-conflict>
      <shortcut-conflict owner="vim">
        <text>ctrl pressed P</text>
      </shortcut-conflict>
      <shortcut-conflict owner="vim">
        <text>ctrl pressed U</text>
      </shortcut-conflict>
      <shortcut-conflict owner="vim">
        <text>ctrl pressed N</text>
      </shortcut-conflict>
      <shortcut-conflict owner="vim">
        <text>ctrl pressed I</text>
      </shortcut-conflict>
      <shortcut-conflict owner="vim">
        <text>ctrl pressed Q</text>
      </shortcut-conflict>
      <shortcut-conflict owner="ide">
        <text>ctrl pressed F</text>
      </shortcut-conflict>
      <shortcut-conflict owner="ide">
        <text>ctrl pressed W</text>
      </shortcut-conflict>
      <shortcut-conflict owner="ide">
        <text>ctrl pressed X</text>
      </shortcut-conflict>
      <shortcut-conflict owner="vim">
        <text>ctrl pressed C</text>
      </shortcut-conflict>
      <shortcut-conflict owner="vim">
        <text>ctrl pressed R</text>
      </shortcut-conflict>
      <shortcut-conflict owner="vim">
        <text>ctrl pressed S</text>
      </shortcut-conflict>
    </shortcut-conflicts>
    <editor>
      <key-repeat enabled="false" />
    </editor>
  </component>
</application>