<application>
  <component name="VimSettings">
    <state version="4" enabled="true" />
    <globalmarks />
    <filemarks>
      <file name="$USER_HOME$/Desktop/SELECT_t___FROM_NPT_TS_FLOW_AppData_TJOB.sql" timestamp="1544638997342">
        <mark key="[" line="12" column="0" />
        <mark key="]" line="12" column="0" />
        <mark key="." line="12" column="0" />
      </file>
      <file name="/NPT_TS_DEV .FLOW_AppData.TDATED_SRTPR_DMD_UNT_SMY [NPT_TS_DEV@SVRT000091EF.tus.ams1907.com]" timestamp="1545173357703">
        <mark key="[" line="0" column="0" />
      </file>
      <file name="/NPT_TS.FLOW_AppData.TDATED_SRTPR_DMD_UNT_SMY [NPT_TS@SVRT000098EB.tus.ams1907.com]" timestamp="1545417116903">
        <mark key="[" line="0" column="0" />
      </file>
      <file name="/master.dbo.spt_fallback_db [NPT_TS@SVRT000098EB.tus.ams1907.com]" timestamp="1545062306572">
        <mark key="[" line="0" column="0" />
      </file>
      <file name="/NPT_TS.FLOW_AppData.TDATED_FLOW_VAL_RSL_SMY [NPT_TS@SVRT000098EB.tus.ams1907.com]" timestamp="1545417115654">
        <mark key="[" line="0" column="0" />
      </file>
      <file name="$USER_HOME$/IdeaProjects/testingme/build.gradle" timestamp="1544467890803">
        <mark key="[" line="1" column="13" />
      </file>
      <file name="/NPT_TS_DEV .FLOW_AppData.TASYSVC_ASYSVCCBO [NPT_TS_DEV@SVRT000091EF.tus.ams1907.com]" timestamp="1545340954774">
        <mark key="[" line="0" column="0" />
      </file>
      <file name="$USER_HOME$/IdeaProjects/tsnm-flow-plan-service/src/main/java/com/ups/ttg/npt/tsnm/flow/service/dto/SortPairLocationDTO.java" timestamp="1545167124461">
        <mark key="[" line="29" column="36" />
        <mark key="]" line="29" column="33" />
        <mark key="." line="29" column="33" />
        <mark key="^" line="29" column="33" />
      </file>
      <file name="/NPT_TS.FLOW_AppData.TEVTVAL_STG [NPT_TS@SVRT000098EB.tus.ams1907.com]" timestamp="1545417136951">
        <mark key="[" line="0" column="0" />
      </file>
      <file name="/NPT_TS_DEV .FLOW_AppData.TASY_SVCTYPCBO [@SVRT000091EF.tus.ams1907.com]" timestamp="1544214247241">
        <mark key="[" line="0" column="0" />
      </file>
      <file name="/NPT_TS_DEV .FLOW_AppData.BATCH_JOB_INSTANCE [@SVRT000091EF.tus.ams1907.com]" timestamp="1544220771764">
        <mark key="[" line="0" column="0" />
      </file>
      <file name="/NPT_TS.FLOW_AppData.TALTFLO_PFM_STS [NPT_TS@SVRT000098EB.tus.ams1907.com]" timestamp="1545417071368">
        <mark key="[" line="0" column="0" />
      </file>
      <file name="/NPT_TS.FLOW_AppData.BATCH_JOB_SEQ [NPT_TS@SVRT000098EB.tus.ams1907.com]" timestamp="1544723616115">
        <mark key="[" line="0" column="0" />
      </file>
      <file name="/NPT_TS.FLOW_AppData.TRNG_TYP [NPT_TS@SVRT000098EB.tus.ams1907.com]" timestamp="1544723804848">
        <mark key="[" line="0" column="0" />
      </file>
      <file name="$USER_HOME$/IdeaProjects/tsnm-flow-plan-service/src/main/java/com/ups/ttg/npt/tsnm/flow/service/dto/Alerts.java" timestamp="1545251656280">
        <mark key="[" line="11" column="70" />
        <mark key="]" line="11" column="25" />
        <mark key="^" line="11" column="25" />
        <mark key="." line="11" column="25" />
      </file>
      <file name="/NPT_TS.FLOW_AppData.TVAL_ALT_FLO_DELRNG_XCL_CHNLOG [NPT_TS@SVRT000098EB.tus.ams1907.com]" timestamp="1545417048126">
        <mark key="[" line="0" column="0" />
      </file>
      <file name="/NPT_TS.FLOW_AppData.TASYSVC_TYP [NPT_TS@SVRT000098EB.tus.ams1907.com]" timestamp="1545417104520">
        <mark key="[" line="0" column="0" />
      </file>
      <file name="$USER_HOME$/IdeaProjects/tsnm-flow-plan-service/src/test/java/com/ups/ttg/npt/tsnm/flow/repository/SortPairRepositoryTest.java" timestamp="1545154906929">
        <mark key="[" line="70" column="44" />
        <mark key="]" line="69" column="60" />
        <mark key="." line="69" column="60" />
        <mark key="^" line="69" column="60" />
      </file>
      <file name="$USER_HOME$/IdeaProjects/npt-ui/src/app/Flow/flowmodule.module.ts" timestamp="1545328938078">
        <mark key="[" line="195" column="0" />
        <mark key="]" line="195" column="0" />
        <mark key="." line="195" column="0" />
      </file>
      <file name="/Dummy.xpath" timestamp="1544217625555">
        <mark key="[" line="0" column="0" />
      </file>
      <file name="/NPT_TS.FLOW_AppData.TALTFLO_RUL_STG [NPT_TS@SVRT000098EB.tus.ams1907.com]" timestamp="1545417072566">
        <mark key="[" line="0" column="0" />
      </file>
      <file name="/NPT_TS.FLOW_AppData.TACN_TYP [NPT_TS@SVRT000098EB.tus.ams1907.com]" timestamp="1545417066886">
        <mark key="[" line="0" column="0" />
      </file>
      <file name="/NPT_TS.FLOW_AppData.TVAL_RSL_CGY [NPT_TS@SVRT000098EB.tus.ams1907.com]" timestamp="1545416983269">
        <mark key="[" line="0" column="0" />
      </file>
      <file name="/NPT_TS_DEV .FLOW_AppData.TFLO_PRC_TBL [NPT_TS_DEV@SVRT000091EF.tus.ams1907.com]" timestamp="1545164906762">
        <mark key="[" line="0" column="0" />
      </file>
      <file name="/NPT_TS_DEV .FLOW_AppData.TFLOW_TNSLNK_ASN [@SVRT000091EF.tus.ams1907.com]" timestamp="1544219975381">
        <mark key="[" line="0" column="0" />
      </file>
      <file name="/NPT_TS.FLOW_AppData.BATCH_STEP_EXECUTION_CONTEXT [NPT_TS@SVRT000098EB.tus.ams1907.com]" timestamp="1544727470022">
        <mark key="[" line="0" column="0" />
      </file>
      <file name="/NPT_TS_DEV .FLOW_AppData.TDATED_ALT_FLO [@SVRT000091EF.tus.ams1907.com]" timestamp="1544214318444">
        <mark key="[" line="0" column="0" />
      </file>
      <file name="/NPT_TS.FLOW_AppData.TTNSLNK_ASN_CHNLOG [NPT_TS@SVRT000098EB.tus.ams1907.com]" timestamp="1545417051726">
        <mark key="[" line="0" column="0" />
      </file>
      <file name="/a.sql" timestamp="1545432487420">
        <mark key="[" line="0" column="0" />
      </file>
      <file name="/NPT_TS.FLOW_AppData.TFLO_STG_TBL_bkp [NPT_TS@SVRT000098EB.tus.ams1907.com]" timestamp="1545417179704">
        <mark key="[" line="0" column="0" />
      </file>
      <file name="/NPT_TS_DEV .FLOW_AppData.TEVTTYP [@SVRT000091EF.tus.ams1907.com]" timestamp="1544214333249">
        <mark key="[" line="0" column="0" />
      </file>
      <file name="/f678abfe/196d8955-2108-4ce5-83a9-953651beb55c/database/NPT_TS_DEV /schema/FLOW_AppObject/routine/ALT_FLOW_DATA_CHILD.sql" timestamp="1546277313811">
        <mark key="'" line="19" column="1" />
        <mark key="[" line="6" column="52" />
        <mark key="]" line="6" column="50" />
        <mark key="." line="6" column="50" />
        <mark key="^" line="6" column="50" />
      </file>
      <file name="$USER_HOME$/IdeaProjects/npt-ui/src/app/CommonUI/date-range-slider/date-range-slider.component.ts" timestamp="1545265850419">
        <mark key="[" line="24" column="0" />
        <mark key="]" line="24" column="0" />
        <mark key="." line="24" column="0" />
      </file>
      <file name="/NPT_TS.FLOW_AppData.TNODCAP [NPT_TS@SVRT000098EB.tus.ams1907.com]" timestamp="1545417062774">
        <mark key="[" line="0" column="0" />
      </file>
      <file name="/NPT_TS.FLOW_AppData.TINGSVCCBO [NPT_TS@SVRT000098EB.tus.ams1907.com]" timestamp="1544723811836">
        <mark key="[" line="0" column="0" />
      </file>
      <file name="$USER_HOME$/IdeaProjects/npt-ui/src/app/Flow/proposals/proposals.component.html" timestamp="1545252795477">
        <mark key="[" line="50" column="14" />
        <mark key="]" line="50" column="26" />
        <mark key="^" line="50" column="26" />
        <mark key="." line="50" column="26" />
      </file>
      <file name="$USER_HOME$/IdeaProjects/tsnm-flow-plan-service/src/main/java/com/ups/ttg/npt/tsnm/flow/service/impl/PackageTypeServiceImpl.java" timestamp="1545430700933">
        <mark key="[" line="53" column="0" />
        <mark key="]" line="53" column="0" />
        <mark key="." line="53" column="0" />
        <mark key="^" line="55" column="4" />
      </file>
      <file name="$USER_HOME$/IdeaProjects/npt-ui/src/app/Flow/reusable-components/settings-modal/settings-modal.component.html" timestamp="1545266033333">
        <mark key="'" line="13" column="22" />
      </file>
      <file name="/NPT_TS.FLOW_AppData.TEVTTYP [NPT_TS@SVRT000098EB.tus.ams1907.com]" timestamp="1545417133423">
        <mark key="[" line="0" column="0" />
      </file>
      <file name="/master.dbo.spt_fallback_usg [NPT_TS@SVRT000098EB.tus.ams1907.com]" timestamp="1545062309400">
        <mark key="[" line="0" column="0" />
      </file>
      <file name="/NPT_TS.INFORMATION_SCHEMA.KEY_COLUMN_USAGE [NPT_TS@SVRT000098EB.tus.ams1907.com]" timestamp="1544729507380">
        <mark key="[" line="0" column="0" />
      </file>
      <file name="/NPT_TS.FLOW_AppData.TDATED_FLOW_DMD_UNT_SMY [NPT_TS@SVRT000098EB.tus.ams1907.com]" timestamp="1545417114254">
        <mark key="[" line="0" column="0" />
      </file>
      <file name="/NPT_TS.FLOW_AppData.TASY_SVCTYPCBO [NPT_TS@SVRT000098EB.tus.ams1907.com]" timestamp="1545417101415">
        <mark key="[" line="0" column="0" />
      </file>
      <file name="/NPT_TS_DEV .FLOW_AppData.TALTFLO_RUL_STG [@SVRT000091EF.tus.ams1907.com]" timestamp="1544219936327">
        <mark key="[" line="0" column="0" />
      </file>
      <file name="/NPT_TS.FLOW_AppData.TVAL_ALT_FLOW_PRY [NPT_TS@SVRT000098EB.tus.ams1907.com]" timestamp="1545416984839">
        <mark key="[" line="0" column="0" />
      </file>
      <file name="/NPT_TS_DEV .FLOW_AppData.AMIG_TDOW_DOWCBO [@SVRT000091EF.tus.ams1907.com]" timestamp="1544214134198">
        <mark key="[" line="0" column="0" />
      </file>
      <file name="/NPT_TS_DEV .FLOW_AppData.TRNG_TYP [@SVRT000091EF.tus.ams1907.com]" timestamp="1544220279819">
        <mark key="[" line="0" column="0" />
      </file>
      <file name="/NPT_TS.FLOW_AppData.TDATED_ALT_FLO_DELRNG_ICL [NPT_TS@SVRT000098EB.tus.ams1907.com]" timestamp="1545417113095">
        <mark key="[" line="0" column="0" />
      </file>
      <file name="/NPT_TS.FLOW_AppData.TALT_FLOW_APVSTS [NPT_TS@SVRT000098EB.tus.ams1907.com]" timestamp="1545417068271">
        <mark key="[" line="0" column="0" />
      </file>
      <file name="/master.INFORMATION_SCHEMA.TABLES [NPT_TS@SVRT000098EB.tus.ams1907.com]" timestamp="1545062322074">
        <mark key="[" line="0" column="0" />
      </file>
      <file name="$APPLICATION_CONFIG_DIR$/consoles/db/196d8955-2108-4ce5-83a9-953651beb55c/console.sql" timestamp="1545430178546">
        <mark key="[" line="1" column="33" />
        <mark key="]" line="1" column="16" />
        <mark key="." line="1" column="16" />
      </file>
      <file name="/NPT_TS.FLOW_AppData.TJOBREQ [NPT_TS@SVRT000098EB.tus.ams1907.com]" timestamp="1544637779087">
        <mark key="[" line="0" column="0" />
      </file>
      <file name="/NPT_TS_DEV .FLOW_AppData.TALTFLO_PFM_STS [@SVRT000091EF.tus.ams1907.com]" timestamp="1544219767172">
        <mark key="[" line="0" column="0" />
      </file>
      <file name="/NPT_TS_DEV .FLOW_AppData.BATCH_STEP_EXECUTION [@SVRT000091EF.tus.ams1907.com]" timestamp="1544220769833">
        <mark key="[" line="0" column="0" />
      </file>
      <file name="/NPT_TS_DEV .FLOW_AppData.AMIG_TDOW_DOWCBO [NPT_TS_DEV@SVRT000091EF.tus.ams1907.com]" timestamp="1545340917062">
        <mark key="[" line="0" column="0" />
      </file>
      <file name="$USER_HOME$/IdeaProjects/tsnm-flow-plan-service/src/main/java/com/ups/ttg/npt/tsnm/flow/domain/Node.java" timestamp="1545236985390">
        <mark key="[" line="13" column="0" />
        <mark key="]" line="5" column="18" />
        <mark key="." line="5" column="18" />
        <mark key="^" line="5" column="18" />
      </file>
      <file name="/NPT_TS_DEV .FLOW_AppData.TFLO_STG_TBL [@SVRT000091EF.tus.ams1907.com]" timestamp="1544219763432">
        <mark key="[" line="0" column="0" />
      </file>
      <file name="/NPT_TS.FLOW_AppData.BATCH_JOB_EXECUTION [NPT_TS@SVRT000098EB.tus.ams1907.com]" timestamp="1545062396388">
        <mark key="[" line="0" column="0" />
      </file>
      <file name="/NPT_TS.FLOW_AppData.BATCH_JOB_EXECUTION_SEQ [NPT_TS@SVRT000098EB.tus.ams1907.com]" timestamp="1544723612733">
        <mark key="[" line="0" column="0" />
      </file>
      <file name="/NPT_TS.FLOW_AppData.TFLOW_DEL_RNG_bkp [NPT_TS@SVRT000098EB.tus.ams1907.com]" timestamp="1544637747271">
        <mark key="[" line="0" column="0" />
      </file>
      <file name="/NPT_TS.FLOW_AppData.TFLOTYP [NPT_TS@SVRT000098EB.tus.ams1907.com]" timestamp="1545417182079">
        <mark key="[" line="0" column="0" />
      </file>
      <file name="/NPT_TS.FLOW_AppData.TFLO_STG_TBL [NPT_TS@SVRT000098EB.tus.ams1907.com]" timestamp="1545417172327">
        <mark key="[" line="0" column="0" />
      </file>
      <file name="/NPT_TS.FLOW_AppData.DOW_GRP_CBO_VIEW [NPT_TS@SVRT000098EB.tus.ams1907.com]" timestamp="1544726586052">
        <mark key="[" line="0" column="0" />
      </file>
      <file name="$USER_HOME$/IdeaProjects/npt-ui/src/app/Flow/progress-bar/simulator-progress-bar.component.ts" timestamp="1545332547173">
        <mark key="'" line="350" column="4" />
      </file>
      <file name="/NPT_TS_DEV .FLOW_AppData.TFLOW [@SVRT000091EF.tus.ams1907.com]" timestamp="1544219995767">
        <mark key="[" line="0" column="0" />
      </file>
      <file name="/NPT_TS_DEV .FLOW_AppData.BATCH_JOB_EXECUTION_CONTEXT [@SVRT000091EF.tus.ams1907.com]" timestamp="1544214177166">
        <mark key="[" line="0" column="0" />
      </file>
      <file name="/NPT_TS_DEV .FLOW_AppData.stg_publication [NPT_TS_DEV@SVRT000091EF.tus.ams1907.com]" timestamp="1545239469910">
        <mark key="[" line="0" column="0" />
      </file>
      <file name="/dummy.sql" timestamp="1545430965448">
        <mark key="[" line="0" column="0" />
      </file>
      <file name="/NPT_TS_DEV .FLOW_AppData.TSRTPIR [NPT_TS_DEV@SVRT000091EF.tus.ams1907.com]" timestamp="1545240229665">
        <mark key="[" line="0" column="0" />
      </file>
      <file name="/Dummy.txt" timestamp="1545431058871">
        <mark key="[" line="0" column="0" />
        <mark key="]" line="0" column="17" />
        <mark key="." line="0" column="17" />
      </file>
      <file name="/NPT_TS.FLOW_AppData.BATCH_JOB_EXECUTION_CONTEXT [NPT_TS@SVRT000098EB.tus.ams1907.com]" timestamp="1545062393796">
        <mark key="[" line="0" column="0" />
      </file>
      <file name="/NPT_TS.FLOW_AppData.TDOWCBO [NPT_TS@SVRT000098EB.tus.ams1907.com]" timestamp="1545417124055">
        <mark key="[" line="0" column="0" />
      </file>
      <file name="/NPT_TS.FLOW_AppData.TDATED_ALT_FLO [NPT_TS@SVRT000098EB.tus.ams1907.com]" timestamp="1545417106199">
        <mark key="[" line="0" column="0" />
      </file>
      <file name="/NPT_TS.FLOW_AppData.TMPLSTS [NPT_TS@SVRT000098EB.tus.ams1907.com]" timestamp="1544723808524">
        <mark key="[" line="0" column="0" />
      </file>
      <file name="/NPT_TS_DEV .FLOW_AppData.TASYSVC_ASYSVCCBO [@SVRT000091EF.tus.ams1907.com]" timestamp="1544214305874">
        <mark key="[" line="0" column="0" />
      </file>
      <file name="/NPT_TS.FLOW_AppData.TFLOW [NPT_TS@SVRT000098EB.tus.ams1907.com]" timestamp="1545429633331">
        <mark key="[" line="0" column="0" />
      </file>
      <file name="/NPT_TS.FLOW_AppData.TFLOW_TNSLNK_ASN_CHN_LOG [NPT_TS@SVRT000098EB.tus.ams1907.com]" timestamp="1544723814011">
        <mark key="[" line="0" column="0" />
      </file>
      <file name="/NPT_TS.FLOW_AppData.TFLOW_NODE [NPT_TS@SVRT000098EB.tus.ams1907.com]" timestamp="1545417204671">
        <mark key="[" line="0" column="0" />
      </file>
      <file name="/NPT_TS.FLOW_AppData.TFLO_PRC_TBL [NPT_TS@SVRT000098EB.tus.ams1907.com]" timestamp="1545417153383">
        <mark key="[" line="0" column="0" />
      </file>
      <file name="/NPT_TS_DEV .FLOW_AppData.TDATED_FLOW_DMD_UNT_SMY [NPT_TS_DEV@SVRT000091EF.tus.ams1907.com]" timestamp="1545251645337">
        <mark key="[" line="0" column="0" />
      </file>
      <file name="/fragment.java" timestamp="1546274582842">
        <mark key="[" line="0" column="0" />
        <mark key="]" line="0" column="0" />
        <mark key="." line="0" column="0" />
        <mark key="o" line="0" column="0" />
      </file>
      <file name="/NPT_TS_DEV .FLOW_AppData.BATCH_JOB_SEQ [NPT_TS_DEV@SVRT000091EF.tus.ams1907.com]" timestamp="1545164903603">
        <mark key="[" line="0" column="0" />
      </file>
      <file name="/NPT_TS_DEV .FLOW_AppData.TDOW_DOWCBO [NPT_TS_DEV@SVRT000091EF.tus.ams1907.com]" timestamp="1545173526001">
        <mark key="[" line="0" column="0" />
      </file>
      <file name="/NPT_TS.FLOW_AppData.TVAL_ALT_FLOW_CHNLOG [NPT_TS@SVRT000098EB.tus.ams1907.com]" timestamp="1544726597757">
        <mark key="[" line="0" column="0" />
      </file>
      <file name="/NPT_TS.FLOW_AppData.TVAL_ALT_FLOW [NPT_TS@SVRT000098EB.tus.ams1907.com]" timestamp="1545416996775">
        <mark key="[" line="0" column="0" />
      </file>
      <file name="/NPT_TS_DEV .FLOW_AppData.TFLO_STG_TBL_BKUP [@SVRT000091EF.tus.ams1907.com]" timestamp="1544219763091">
        <mark key="[" line="0" column="0" />
      </file>
      <file name="$USER_HOME$/IdeaProjects/npt-ui/server.js" timestamp="1545337436753">
        <mark key="[" line="16" column="0" />
        <mark key="]" line="16" column="0" />
        <mark key="^" line="16" column="0" />
        <mark key="." line="16" column="0" />
      </file>
      <file name="$USER_HOME$/IdeaProjects/tsnm-flow-plan-service/src/main/java/com/ups/ttg/npt/tsnm/flow/service/PublishService.java" timestamp="1545068212205">
        <mark key="[" line="16" column="6" />
        <mark key="]" line="16" column="22" />
        <mark key="^" line="16" column="22" />
        <mark key="." line="16" column="22" />
      </file>
      <file name="/NPT_TS.INFORMATION_SCHEMA.TABLES [NPT_TS@SVRT000098EB.tus.ams1907.com]" timestamp="1544729833790">
        <mark key="[" line="0" column="0" />
      </file>
      <file name="/NPT_TS.FLOW_AppData.TASYSVC_ASYSVCCBO [NPT_TS@SVRT000098EB.tus.ams1907.com]" timestamp="1545417102847">
        <mark key="[" line="0" column="0" />
      </file>
      <file name="/fragment.py" timestamp="1545070137723">
        <mark key="[" line="0" column="0" />
      </file>
      <file name="$USER_HOME$/IdeaProjects/tsnm-flow-plan-service/src/main/java/com/ups/ttg/npt/tsnm/flow/domain/BaseEntity.java" timestamp="1546273314170">
        <mark key="'" line="210" column="0" />
        <mark key="[" line="34" column="0" />
        <mark key="]" line="34" column="0" />
        <mark key="." line="34" column="0" />
      </file>
      <file name="/f678abfe/196d8955-2108-4ce5-83a9-953651beb55c/database/NPT_TS_DEV /schema/FLOW_AppObject/routine/ALTERNATE_FLOW_SERVICE_DESTINATION_FLOW_RULES_SP.sql" timestamp="1545432407091">
        <mark key="'" line="22" column="6" />
      </file>
      <file name="/NPT_TS.FLOW_AppData.TFLO_CHNLOG [NPT_TS@SVRT000098EB.tus.ams1907.com]" timestamp="1545417148983">
        <mark key="[" line="0" column="0" />
      </file>
      <file name="$USER_HOME$/IdeaProjects/tsnm-flow-plan-service/src/main/java/com/ups/ttg/npt/tsnm/flow/domain/remote/PublishInfo.java" timestamp="1545157176125">
        <mark key="[" line="34" column="4" />
        <mark key="]" line="34" column="4" />
        <mark key="." line="34" column="4" />
        <mark key="^" line="34" column="29" />
      </file>
      <file name="$USER_HOME$/IdeaProjects/tsnm-flow-plan-service/src/main/java/com/ups/ttg/npt/tsnm/flow/config/t2.java" timestamp="1544715485016">
        <mark key="[" line="56" column="0" />
        <mark key="]" line="56" column="0" />
        <mark key="." line="56" column="0" />
      </file>
      <file name="/NPT_TS.FLOW_AppData.TSRT_TYP [NPT_TS@SVRT000098EB.tus.ams1907.com]" timestamp="1545417058542">
        <mark key="[" line="0" column="0" />
      </file>
      <file name="/NPT_TS_DEV .FLOW_AppData.BATCH_JOB_INSTANCE [NPT_TS_DEV@SVRT000091EF.tus.ams1907.com]" timestamp="1545164900900">
        <mark key="[" line="0" column="0" />
      </file>
      <file name="/f678abfe/196d8955-2108-4ce5-83a9-953651beb55c/database/NPT_TS_DEV /schema/FLOW_AppObject/routine/Split.sql" timestamp="1546278087595">
        <mark key="'" line="26" column="7" />
        <mark key="[" line="0" column="0" />
        <mark key="]" line="0" column="0" />
        <mark key="." line="0" column="0" />
      </file>
      <file name="/NPT_TS.FLOW_AppData.TFLOW_ACCT [NPT_TS@SVRT000098EB.tus.ams1907.com]" timestamp="1545412386339">
        <mark key="[" line="0" column="0" />
      </file>
      <file name="$USER_HOME$/IdeaProjects/testingme/src/main/java/Tesing.java" timestamp="1544463078146">
        <mark key="[" line="0" column="21" />
      </file>
      <file name="/NPT_TS_DEV .FLOW_AppData.TVAL_ALT_FLOW [@SVRT000091EF.tus.ams1907.com]" timestamp="1544220403826">
        <mark key="[" line="0" column="0" />
      </file>
      <file name="/NPT_TS.INFORMATION_SCHEMA.COLUMNS [NPT_TS@SVRT000098EB.tus.ams1907.com]" timestamp="1544728845547">
        <mark key="[" line="0" column="0" />
      </file>
      <file name="/NPT_TS.INFORMATION_SCHEMA.VIEWS [NPT_TS@SVRT000098EB.tus.ams1907.com]" timestamp="1544723773170">
        <mark key="[" line="0" column="0" />
      </file>
      <file name="/NPT_TS_DEV .FLOW_AppData.TACN_TYP [NPT_TS_DEV@SVRT000091EF.tus.ams1907.com]" timestamp="1545239463549">
        <mark key="[" line="0" column="0" />
      </file>
      <file name="/NPT_TS_DEV .FLOW_AppData.TACN_TYP [@SVRT000091EF.tus.ams1907.com]" timestamp="1544214180726">
        <mark key="[" line="0" column="0" />
      </file>
      <file name="/NPT_TS_DEV .FLOW_AppData.BATCH_JOB_EXECUTION [@SVRT000091EF.tus.ams1907.com]" timestamp="1544214174974">
        <mark key="[" line="0" column="0" />
      </file>
      <file name="$USER_HOME$/IdeaProjects/tsnm-flow-plan-service/src/main/java/com/ups/ttg/npt/tsnm/flow/service/dto/NodeDTO.java" timestamp="1545164606164">
        <mark key="[" line="48" column="0" />
        <mark key="]" line="48" column="0" />
        <mark key="." line="48" column="0" />
      </file>
      <file name="/NPT_TS.FLOW_AppData.TVAL_RSL_TYP [NPT_TS@SVRT000098EB.tus.ams1907.com]" timestamp="1545416980046">
        <mark key="[" line="0" column="0" />
      </file>
      <file name="/NPT_TS_DEV .FLOW_AppData.TDATED_ALT_FLO [NPT_TS_DEV@SVRT000091EF.tus.ams1907.com]" timestamp="1545239488562">
        <mark key="[" line="0" column="0" />
      </file>
      <file name="/NPT_TS.INFORMATION_SCHEMA.ROUTINE_COLUMNS [NPT_TS@SVRT000098EB.tus.ams1907.com]" timestamp="1544729814580">
        <mark key="[" line="0" column="0" />
      </file>
      <file name="/NPT_TS_DEV .FLOW_AppData.TFLOW_NODE [NPT_TS_DEV@SVRT000091EF.tus.ams1907.com]" timestamp="1545173267796">
        <mark key="[" line="0" column="0" />
      </file>
      <file name="/NPT_TS.FLOW_AppData.TVAL_ALR_TYP [NPT_TS@SVRT000098EB.tus.ams1907.com]" timestamp="1545417050478">
        <mark key="[" line="0" column="0" />
      </file>
      <file name="/NPT_TS_DEV .FLOW_AppData.TVAL_RSL_TYP [@SVRT000091EF.tus.ams1907.com]" timestamp="1544220365908">
        <mark key="[" line="0" column="0" />
      </file>
      <file name="/Dummy.regexp" timestamp="1544218240812">
        <mark key="[" line="0" column="0" />
      </file>
      <file name="/NPT_TS_DEV .FLOW_AppData.TASYSVC_TYP [@SVRT000091EF.tus.ams1907.com]" timestamp="1544220773318">
        <mark key="[" line="0" column="0" />
      </file>
      <file name="/NPT_TS.FLOW_AppData.BATCH_JOB_EXECUTION_PARAMS [NPT_TS@SVRT000098EB.tus.ams1907.com]" timestamp="1544727229957">
        <mark key="[" line="0" column="0" />
      </file>
      <file name="/NPT_TS.FLOW_AppData.HI_SVC_GRP_CBO_VIEW [NPT_TS@SVRT000098EB.tus.ams1907.com]" timestamp="1544726588115">
        <mark key="[" line="0" column="0" />
      </file>
      <file name="/NPT_TS.FLOW_AppData.TSRTPIR [NPT_TS@SVRT000098EB.tus.ams1907.com]" timestamp="1545421814998">
        <mark key="[" line="0" column="0" />
      </file>
      <file name="/NPT_TS.FLOW_AppData.BATCH_STEP_EXECUTION_SEQ [NPT_TS@SVRT000098EB.tus.ams1907.com]" timestamp="1544726652579">
        <mark key="[" line="0" column="0" />
      </file>
      <file name="/NPT_TS.FLOW_AppData.BATCH_JOB_INSTANCE [NPT_TS@SVRT000098EB.tus.ams1907.com]" timestamp="1544723614467">
        <mark key="[" line="0" column="0" />
      </file>
      <file name="$USER_HOME$/IdeaProjects/tsnm-flow-plan-service/src/main/java/com/ups/ttg/npt/tsnm/flow/domain/SimSortPair.java" timestamp="1545240673773">
        <mark key="[" line="52" column="0" />
        <mark key="]" line="52" column="0" />
        <mark key="." line="52" column="0" />
      </file>
      <file name="/NPT_TS.FLOW_AppData.TDOW [NPT_TS@SVRT000098EB.tus.ams1907.com]" timestamp="1545417118694">
        <mark key="[" line="0" column="0" />
      </file>
      <file name="/NPT_TS.FLOW_AppData.TDOW_DOWCBO [NPT_TS@SVRT000098EB.tus.ams1907.com]" timestamp="1545417122352">
        <mark key="[" line="0" column="0" />
      </file>
      <file name="$USER_HOME$/IdeaProjects/npt-ui/src/app/app.component.ts" timestamp="1545265807873">
        <mark key="[" line="14" column="12" />
        <mark key="]" line="14" column="12" />
        <mark key="." line="14" column="12" />
      </file>
      <file name="$USER_HOME$/IdeaProjects/tsnm-alternate-flow-service/src/main/java/com/ups/ttg/npt/tsnm/flow/service/AlternateLoader.java" timestamp="1545168019151">
        <mark key="[" line="76" column="71" />
        <mark key="]" line="76" column="71" />
        <mark key="." line="76" column="71" />
        <mark key="^" line="75" column="39" />
      </file>
      <file name="/NPT_TS.FLOW_AppData.TEQPCSF_TYP [NPT_TS@SVRT000098EB.tus.ams1907.com]" timestamp="1545417125415">
        <mark key="[" line="0" column="0" />
      </file>
      <file name="/NPT_TS_DEV .FLOW_AppData.TDATED_SRTPR_DMD_UNT_SMY [@SVRT000091EF.tus.ams1907.com]" timestamp="1544220776791">
        <mark key="[" line="0" column="0" />
      </file>
      <file name="$USER_HOME$/IdeaProjects/tsnm-flow-plan-service/src/main/java/com/ups/ttg/npt/tsnm/flow/web/rest/util/SortPairMappingUtil.java" timestamp="1545076153557">
        <mark key="[" line="308" column="81" />
        <mark key="]" line="308" column="74" />
        <mark key="^" line="308" column="74" />
        <mark key="." line="308" column="74" />
      </file>
      <file name="/NPT_TS.FLOW_AppData.TALT_FLOW_APVSTS_CHN_LOG [NPT_TS@SVRT000098EB.tus.ams1907.com]" timestamp="1545417070024">
        <mark key="[" line="0" column="0" />
      </file>
      <file name="$USER_HOME$/IdeaProjects/tsnm-flow-plan-service/soapui/Flow-Plan-SoapUI-Testcases.xml" timestamp="1544801746920">
        <mark key="[" line="382" column="0" />
        <mark key="]" line="382" column="0" />
        <mark key="." line="382" column="0" />
      </file>
      <file name="/f678abfe/196d8955-2108-4ce5-83a9-953651beb55c/database/NPT_TS_DEV /schema/FLOW_AppObject/routine/ALT_FLOW_DATA.sql" timestamp="1545432416799">
        <mark key="[" line="0" column="0" />
        <mark key="]" line="0" column="0" />
        <mark key="." line="0" column="0" />
      </file>
      <file name="/NPT_TS.FLOW_AppData.TVAL_ALT_FLOW_DELRNG_XCL [NPT_TS@SVRT000098EB.tus.ams1907.com]" timestamp="1544723802043">
        <mark key="[" line="0" column="0" />
      </file>
      <file name="/NPT_TS.FLOW_AppData.TSVCGRP_SVCGRPCBO [NPT_TS@SVRT000098EB.tus.ams1907.com]" timestamp="1545417054718">
        <mark key="[" line="0" column="0" />
      </file>
      <file name="$USER_HOME$/IdeaProjects/tsnm-flow-plan-service/src/main/java/com/ups/ttg/npt/tsnm/flow/validation/ValidString.java" timestamp="1544714879644">
        <mark key="[" line="56" column="0" />
        <mark key="]" line="56" column="0" />
        <mark key="." line="56" column="0" />
      </file>
      <file name="/NPT_TS_DEV .FLOW_AppData.TVAL_ALT_FLOW_CHNLOG [@SVRT000091EF.tus.ams1907.com]" timestamp="1544220538201">
        <mark key="[" line="0" column="0" />
      </file>
      <file name="/NPT_TS_DEV .FLOW_AppData.TFLOW [NPT_TS_DEV@SVRT000091EF.tus.ams1907.com]" timestamp="1545430659502">
        <mark key="[" line="0" column="0" />
      </file>
      <file name="$APPLICATION_CONFIG_DIR$/consoles/db/80813086-754f-4dc0-9fb5-271d8e4ce160/console.sql" timestamp="1545430166546">
        <mark key="[" line="2" column="58" />
        <mark key="]" line="2" column="12" />
        <mark key="^" line="2" column="12" />
        <mark key="." line="2" column="12" />
      </file>
      <file name="/NPT_TS.FLOW_AppData.TSVCGRPCBO [NPT_TS@SVRT000098EB.tus.ams1907.com]" timestamp="1545417053055">
        <mark key="[" line="0" column="0" />
      </file>
      <file name="/NPT_TS_DEV .FLOW_AppData.TEQPCSF_TYP [@SVRT000091EF.tus.ams1907.com]" timestamp="1544214314122">
        <mark key="[" line="0" column="0" />
      </file>
      <file name="/NPT_TS.FLOW_AppData.ACC_ASY_SVC_GRP_CBO_VIEW [NPT_TS@SVRT000098EB.tus.ams1907.com]" timestamp="1544729743484">
        <mark key="[" line="0" column="0" />
      </file>
      <file name="$USER_HOME$/IdeaProjects/npt-ui/src/app/Flow/service/sort-pair.service.ts" timestamp="1545333689240">
        <mark key="[" line="36" column="106" />
        <mark key="]" line="36" column="106" />
        <mark key="^" line="36" column="106" />
        <mark key="." line="36" column="106" />
      </file>
      <file name="/NPT_TS_DEV .FLOW_AppData.TSHU_TYP [@SVRT000091EF.tus.ams1907.com]" timestamp="1544220288578">
        <mark key="[" line="0" column="0" />
      </file>
      <file name="$USER_HOME$/IdeaProjects/tsnm-flow-plan-service/src/main/java/com/ups/ttg/npt/tsnm/flow/FlowApplication.java" timestamp="1545421988627">
        <mark key="[" line="13" column="0" />
        <mark key="]" line="13" column="0" />
        <mark key="." line="13" column="0" />
      </file>
      <file name="/NPT_TS_DEV .FLOW_AppData.TDOW [NPT_TS_DEV@SVRT000091EF.tus.ams1907.com]" timestamp="1545173524144">
        <mark key="[" line="0" column="0" />
      </file>
    </filemarks>
    <jumps>
      <jump line="48" column="38" filename="$USER_HOME$/Desktop/UPS/tsnm-flow-rules-sim/src/main/java/com/ups/ttg/npt/tsnm/flow/entity/ApprovedFlowDelRingStack.java" />
      <jump line="19" column="9" filename="$USER_HOME$/IdeaProjects/tsnm-flow-rules-engine/src/main/java/com/ups/ttg/npt/tsnm/flow/util/GlobalConstants.java" />
      <jump line="3" column="0" filename="$USER_HOME$/IdeaProjects/tsnm-flow-rules-engine/src/main/java/com/ups/ttg/npt/tsnm/flow/util/GlobalConstants.java" />
      <jump line="98" column="0" filename="$USER_HOME$/IdeaProjects/tsnm-flow-rules-engine/src/main/java/com/ups/ttg/npt/tsnm/flow/util/GlobalConstants.java" />
      <jump line="63" column="11" filename="$USER_HOME$/IdeaProjects/tsnm-flow-rules-engine/src/main/java/com/ups/ttg/npt/tsnm/flow/config/HttpConfiguration2.java" />
      <jump line="44" column="0" filename="$USER_HOME$/IdeaProjects/tsnm-flow-rules-engine/src/main/java/com/ups/ttg/npt/tsnm/flow/config/HttpConfiguration2.java" />
      <jump line="0" column="0" filename="$USER_HOME$/IdeaProjects/tsnm-flow-rules-engine/src/main/java/com/ups/ttg/npt/tsnm/flow/config/HttpConfiguration2.java" />
      <jump line="97" column="0" filename="$USER_HOME$/IdeaProjects/tsnm-flow-rules-engine/src/main/java/com/ups/ttg/npt/tsnm/flow/config/HttpConfiguration2.java" />
      <jump line="4" column="0" filename="$USER_HOME$/IdeaProjects/tsnm-flow-rules-engine/src/main/java/com/ups/ttg/npt/tsnm/flow/config/HttpConfiguration2.java" />
      <jump line="50" column="16" filename="$USER_HOME$/IdeaProjects/tsnm-flow-rules-engine/src/main/java/com/ups/ttg/npt/tsnm/flow/config/HttpConfiguration2.java" />
      <jump line="41" column="31" filename="$USER_HOME$/IdeaProjects/tsnm-flow-rules-engine/src/main/java/com/ups/ttg/npt/tsnm/flow/entity/EventValidatorEntity.java" />
      <jump line="1" column="0" filename="$USER_HOME$/IdeaProjects/tsnm-flow-rules-engine/src/main/java/com/ups/ttg/npt/tsnm/flow/config/test.txt" />
      <jump line="5" column="46" filename="$USER_HOME$/IdeaProjects/tsnm-flow-rules-engine/src/main/java/com/ups/ttg/npt/tsnm/flow/config/test.txt" />
      <jump line="10" column="0" filename="$USER_HOME$/IdeaProjects/tsnm-flow-rules-engine/src/main/java/com/ups/ttg/npt/tsnm/flow/config/test.txt" />
      <jump line="0" column="4" filename="$USER_HOME$/IdeaProjects/tsnm-flow-rules-engine/src/main/java/com/ups/ttg/npt/tsnm/flow/config/test.txt" />
      <jump line="9" column="0" filename="$USER_HOME$/IdeaProjects/tsnm-flow-rules-engine/src/main/java/com/ups/ttg/npt/tsnm/flow/config/test.txt" />
      <jump line="33" column="13" filename="$USER_HOME$/IdeaProjects/tsnm-flow-rules-engine/src/main/java/com/ups/ttg/npt/tsnm/flow/config/test.txt" />
      <jump line="68" column="22" filename="$USER_HOME$/IdeaProjects/tsnm-flow-plan-service/src/main/java/com/ups/ttg/npt/tsnm/flow/web/rest/SortPairResource.java" />
      <jump line="30" column="11" filename="$MAVEN_REPOSITORY$/org/springframework/spring-web/5.0.7.RELEASE/spring-web-5.0.7.RELEASE.jar!/org/springframework/http/ResponseEntity.class" />
      <jump line="57" column="4" filename="$USER_HOME$/IdeaProjects/tsnm-flow-plan-service/src/main/java/com/ups/ttg/npt/tsnm/flow/web/rest/SortPairResource.java" />
      <jump line="90" column="0" filename="$USER_HOME$/IdeaProjects/tsnm-flow-plan-service/src/main/java/com/ups/ttg/npt/tsnm/flow/web/rest/SortPairResource.java" />
      <jump line="66" column="26" filename="$USER_HOME$/IdeaProjects/tsnm-flow-plan-service/src/main/java/com/ups/ttg/npt/tsnm/flow/web/rest/SortPairResource.java" />
      <jump line="0" column="0" filename="$USER_HOME$/IdeaProjects/tsnm-flow-plan-service/src/main/java/com/ups/ttg/npt/tsnm/flow/web/rest/SortPairResource.java" />
      <jump line="1" column="0" filename="$USER_HOME$/IdeaProjects/tsnm-flow-plan-service/src/main/java/com/ups/ttg/npt/tsnm/flow/web/rest/SortPairResource.java" />
      <jump line="17" column="37" filename="$USER_HOME$/IdeaProjects/tsnm-flow-plan-service/src/main/java/com/ups/ttg/npt/tsnm/flow/domain/remote/Organization.java" />
      <jump line="22" column="21" filename="$USER_HOME$/IdeaProjects/tsnm-flow-plan-service/src/main/java/com/ups/ttg/npt/tsnm/flow/domain/remote/Organization.java" />
      <jump line="34" column="0" filename="$USER_HOME$/IdeaProjects/tsnm-flow-plan-service/src/main/java/com/ups/ttg/npt/tsnm/flow/config/Ttesting.java" />
      <jump line="0" column="0" filename="$USER_HOME$/IdeaProjects/tsnm-flow-plan-service/src/main/java/com/ups/ttg/npt/tsnm/flow/config/Ttesting.java" />
      <jump line="52" column="13" filename="$USER_HOME$/IdeaProjects/tsnm-flow-plan-service/src/main/resources/getFlowRuleData.sql" />
      <jump line="27" column="52" filename="$USER_HOME$/IdeaProjects/tsnm-flow-plan-service/src/main/resources/application-dev.yml" />
      <jump line="38" column="11" filename="$USER_HOME$/IdeaProjects/tsnm-flow-plan-service/src/main/java/com/ups/ttg/npt/tsnm/flow/service/dto/SortPairDTO.java" />
      <jump line="0" column="0" filename="$USER_HOME$/IdeaProjects/tsnm-flow-plan-service/src/main/java/com/ups/ttg/npt/tsnm/flow/service/dto/SortPairDTO.java" />
      <jump line="3" column="23" filename="$USER_HOME$/IdeaProjects/tsnm-flow-plan-service/src/main/java/com/ups/ttg/npt/tsnm/flow/domain/enumeration/UnitOfMeasurement.java" />
      <jump line="961" column="83" filename="/f678abfe/196d8955-2108-4ce5-83a9-953651beb55c/database/NPT_TS_DEV /schema/FLOW_AppObject/routine/FLOW_PLAN_SERVICE_SORT_PAIR_SMRY_SP.sql" />
      <jump line="3" column="0" filename="/f678abfe/196d8955-2108-4ce5-83a9-953651beb55c/database/NPT_TS_DEV /schema/FLOW_AppObject/routine/FLOW_PLAN_SERVICE_SORT_PAIR_SMRY_SP.sql" />
      <jump line="8" column="32" filename="/f678abfe/196d8955-2108-4ce5-83a9-953651beb55c/database/NPT_TS_DEV /schema/FLOW_AppObject/routine/FLOW_PLAN_SERVICE_SORT_PAIR_SMRY_SP.sql" />
      <jump line="0" column="0" filename="/f678abfe/196d8955-2108-4ce5-83a9-953651beb55c/database/NPT_TS_DEV /schema/FLOW_AppObject/routine/FLOW_PLAN_SERVICE_SORT_PAIR_SMRY_SP.sql" />
      <jump line="52" column="12" filename="$USER_HOME$/IdeaProjects/tsnm-flow-plan-service/src/main/java/com/ups/ttg/npt/tsnm/flow/validation/StringValidator.java" />
      <jump line="26" column="0" filename="$USER_HOME$/IdeaProjects/tsnm-flow-plan-service/src/main/java/com/ups/ttg/npt/tsnm/flow/repository/SortPairAlertRepository.java" />
      <jump line="65" column="4" filename="$USER_HOME$/IdeaProjects/tsnm-flow-plan-service/src/main/java/com/ups/ttg/npt/tsnm/flow/config/HttpConfiguration.java" />
      <jump line="37" column="20" filename="/f678abfe/196d8955-2108-4ce5-83a9-953651beb55c/database/NPT_TS_DEV /schema/FLOW_AppObject/routine/FLOW_PLAN_SERVICE_SORT_PAIR_SMRY_SP_TEST.sql" />
      <jump line="44" column="20" filename="/f678abfe/196d8955-2108-4ce5-83a9-953651beb55c/database/NPT_TS_DEV /schema/FLOW_AppObject/routine/FLOW_PLAN_SERVICE_SORT_PAIR_SMRY_SP_TEST.sql" />
      <jump line="43" column="15" filename="/f678abfe/196d8955-2108-4ce5-83a9-953651beb55c/database/NPT_TS_DEV /schema/FLOW_AppObject/routine/FLOW_PLAN_SERVICE_SORT_PAIR_SMRY_SP_TEST.sql" />
      <jump line="45" column="15" filename="/f678abfe/196d8955-2108-4ce5-83a9-953651beb55c/database/NPT_TS_DEV /schema/FLOW_AppObject/routine/FLOW_PLAN_SERVICE_SORT_PAIR_SMRY_SP_TEST.sql" />
      <jump line="46" column="16" filename="/f678abfe/196d8955-2108-4ce5-83a9-953651beb55c/database/NPT_TS_DEV /schema/FLOW_AppObject/routine/FLOW_PLAN_SERVICE_SORT_PAIR_SMRY_SP_TEST.sql" />
      <jump line="19" column="23" filename="$USER_HOME$/IdeaProjects/tsnm-flow-plan-service/src/main/resources/application-dev.yml" />
      <jump line="0" column="0" filename="$USER_HOME$/IdeaProjects/tsnm-flow-plan-service/src/main/resources/application-dev.yml" />
      <jump line="38" column="143" filename="$USER_HOME$/IdeaProjects/tsnm-flow-plan-service/src/main/java/com/ups/ttg/npt/tsnm/flow/domain/remote/AccessorialsDoc.java" />
      <jump line="47" column="12" filename="$USER_HOME$/IdeaProjects/tsnm-flow-plan-service/src/main/java/com/ups/ttg/npt/tsnm/flow/domain/remote/AccessorialsDoc.java" />
      <jump line="32" column="24" filename="$USER_HOME$/IdeaProjects/tsnm-flow-plan-service/src/main/java/com/ups/ttg/npt/tsnm/flow/service/SortPairService.java" />
      <jump line="30" column="20" filename="/f678abfe/196d8955-2108-4ce5-83a9-953651beb55c/database/NPT_TS_DEV /schema/FLOW_AppObject/routine/FLOW_PLAN_SERVICE_SORT_PAIR_SMRY_SP_TEST.sql" />
      <jump line="0" column="0" filename="/f678abfe/196d8955-2108-4ce5-83a9-953651beb55c/database/NPT_TS_DEV /schema/FLOW_AppObject/routine/FLOW_PLAN_SERVICE_SORT_PAIR_SMRY_SP_TEST.sql" />
      <jump line="50" column="66" filename="$USER_HOME$/IdeaProjects/tsnm-flow-plan-service/src/main/java/com/ups/ttg/npt/tsnm/flow/web/rest/SortPairResource.java" />
      <jump line="162" column="44" filename="$USER_HOME$/IdeaProjects/tsnm-flow-plan-service/src/main/java/com/ups/ttg/npt/tsnm/flow/service/impl/SortPairServiceImpl.java" />
      <jump line="13" column="5" filename="$USER_HOME$/IdeaProjects/untitled/test.js" />
      <jump line="35" column="36" filename="$USER_HOME$/IdeaProjects/npt-ui/src/app/Flow/state-management/effects/flow-proposal.effects.ts" />
      <jump line="78" column="0" filename="$USER_HOME$/IdeaProjects/npt-ui/src/app/Flow/proposals/proposal-item/proposal-item.component.ts" />
      <jump line="1" column="0" filename="$USER_HOME$/IdeaProjects/npt-ui/src/app/Flow/proposals/proposal-item/proposal-item.component.ts" />
      <jump line="28" column="7" filename="$USER_HOME$/IdeaProjects/npt-ui/src/app/Flow/proposals/proposal-item/proposal-item.component.ts" />
      <jump line="81" column="0" filename="$USER_HOME$/IdeaProjects/npt-ui/src/app/Flow/proposals/proposal-item/proposal-item.component.ts" />
      <jump line="20" column="0" filename="$USER_HOME$/IdeaProjects/npt-ui/src/app/Flow/proposals/proposal-item/proposal-item.component.ts" />
      <jump line="80" column="0" filename="$USER_HOME$/IdeaProjects/npt-ui/src/app/Flow/proposals/proposal-item/proposal-item.component.ts" />
      <jump line="9" column="19" filename="$USER_HOME$/IdeaProjects/npt-ui/src/app/Flow/sort-pairs/sort-pairs.component.html" />
      <jump line="38" column="4" filename="$USER_HOME$/IdeaProjects/npt-ui/src/app/Flow/sort-pairs/sort-pairs.component.ts" />
      <jump line="13" column="22" filename="$USER_HOME$/IdeaProjects/npt-ui/src/app/Flow/reusable-components/settings-modal/settings-modal.component.html" />
      <jump line="44" column="9" filename="$USER_HOME$/IdeaProjects/npt-ui/src/app/Flow/sort-pairs/sort-pairs.component.ts" />
      <jump line="89" column="2" filename="$USER_HOME$/IdeaProjects/npt-ui/src/app/Flow/sort-pairs/sort-pairs.component.ts" />
      <jump line="350" column="4" filename="$USER_HOME$/IdeaProjects/npt-ui/src/app/Flow/progress-bar/simulator-progress-bar.component.ts" />
      <jump line="40" column="11" filename="$USER_HOME$/IdeaProjects/npt-ui/src/app/Flow/state-management/effects/sort-pair.effects.ts" />
      <jump line="26" column="32" filename="$USER_HOME$/IdeaProjects/npt-ui/src/app/Flow/state-management/effects/sort-pair.effects.ts" />
      <jump line="0" column="0" filename="$USER_HOME$/IdeaProjects/npt-ui/src/app/Flow/state-management/effects/sort-pair.effects.ts" />
      <jump line="16" column="16" filename="$USER_HOME$/IdeaProjects/tsnm-flow-plan-service/src/main/java/com/ups/ttg/npt/tsnm/flow/FlowApplication.java" />
      <jump line="42" column="27" filename="$USER_HOME$/IdeaProjects/tsnm-flow-plan-service/src/main/java/com/ups/ttg/npt/tsnm/flow/domain/BaseEntity.java" />
      <jump line="204" column="0" filename="$USER_HOME$/IdeaProjects/tsnm-flow-plan-service/src/main/java/com/ups/ttg/npt/tsnm/flow/domain/BaseEntity.java" />
      <jump line="22" column="6" filename="/f678abfe/196d8955-2108-4ce5-83a9-953651beb55c/database/NPT_TS_DEV /schema/FLOW_AppObject/routine/ALTERNATE_FLOW_SERVICE_DESTINATION_FLOW_RULES_SP.sql" />
      <jump line="5" column="49" filename="/f678abfe/196d8955-2108-4ce5-83a9-953651beb55c/database/NPT_TS_DEV /schema/FLOW_AppObject/routine/ALT_FLOW_DATA_CHILD.sql" />
      <jump line="14" column="1" filename="/f678abfe/196d8955-2108-4ce5-83a9-953651beb55c/database/NPT_TS_DEV /schema/FLOW_AppObject/routine/ALT_FLOW_DATA_CHILD.sql" />
      <jump line="4" column="0" filename="/f678abfe/196d8955-2108-4ce5-83a9-953651beb55c/database/NPT_TS_DEV /schema/FLOW_AppObject/routine/Split.sql" />
      <jump line="3" column="0" filename="/f678abfe/196d8955-2108-4ce5-83a9-953651beb55c/database/NPT_TS_DEV /schema/FLOW_AppObject/routine/Split.sql" />
      <jump line="5" column="0" filename="/f678abfe/196d8955-2108-4ce5-83a9-953651beb55c/database/NPT_TS_DEV /schema/FLOW_AppObject/routine/Split.sql" />
      <jump line="31" column="0" filename="/f678abfe/196d8955-2108-4ce5-83a9-953651beb55c/database/NPT_TS_DEV /schema/FLOW_AppObject/routine/Split.sql" />
      <jump line="14" column="0" filename="/f678abfe/196d8955-2108-4ce5-83a9-953651beb55c/database/NPT_TS_DEV /schema/FLOW_AppObject/routine/Split.sql" />
      <jump line="32" column="0" filename="/f678abfe/196d8955-2108-4ce5-83a9-953651beb55c/database/NPT_TS_DEV /schema/FLOW_AppObject/routine/Split.sql" />
      <jump line="8" column="3" filename="/f678abfe/196d8955-2108-4ce5-83a9-953651beb55c/database/NPT_TS_DEV /schema/FLOW_AppObject/routine/Split.sql" />
      <jump line="36" column="7" filename="/f678abfe/196d8955-2108-4ce5-83a9-953651beb55c/database/NPT_TS_DEV /schema/FLOW_AppObject/routine/Split.sql" />
    </jumps>
    <registers>
      <register name="&quot;" type="2">
        <text encoding="base64">ICAK</text>
      </register>
      <register name="-" type="4">
        <text>returns @S</text>
      </register>
      <register name="0" type="2">
        <text encoding="base64">CUBWYWx1ZSgiJHtmbG93cHJvcGVydGllcy5zZXJ2aWNlcy5rZXlNYXBwaW5nLmdpZG1fcHJvZHVjdHNfc2VydmljZV9lbmRwb3J0fSIpCglwcml2YXRlIFN0cmluZyBnZXRHaWRtUGFja2FnZVR5cGVVcmwyOwo=</text>
      </register>
      <register name="1" type="2">
        <text encoding="base64">ICAK</text>
      </register>
      <register name="2" type="2">
        <text encoding="base64">ICBnbwo=</text>
      </register>
      <register name="3" type="2">
        <text encoding="base64">ICByZXR1cm4gCg==</text>
      </register>
      <register name="4" type="2">
        <text encoding="base64">ZW5kCg==</text>
      </register>
      <register name="5" type="2">
        <text encoding="base64">ICAK</text>
      </register>
      <register name="6" type="2">
        <text encoding="base64">ICAgIAo=</text>
      </register>
      <register name="7" type="2">
        <text encoding="base64">YmVnaW4gCg==</text>
      </register>
      <register name="8" type="2">
        <text encoding="base64">YXMK</text>
      </register>
      <register name="9" type="2">
        <text encoding="base64">cmV0dXJucyBAU3BsaXR0ZWRWYWx1ZXMgdGFibGUgKGlkIHZhcmNoYXIoNTApLCBvcmRlcl9ieSBpbnQpCg==</text>
      </register>
      <register name=":" type="4">
        <text>set all</text>
      </register>
    </registers>
    <search>
      <last-dir>0</last-dir>
      <show-last>false</show-last>
    </search>
    <history>
      <history-search />
      <history-cmd>
        <entry>set</entry>
        <entry>set all</entry>
        <entry>set wildmenu</entry>
      </history-cmd>
      <history-expr />
      <history-input />
    </history>
    <shortcut-conflicts>
      <shortcut-conflict owner="vim">
        <text>ctrl pressed A</text>
      </shortcut-conflict>
      <shortcut-conflict owner="ide">
        <text>ctrl pressed E</text>
      </shortcut-conflict>
      <shortcut-conflict owner="ide">
        <text>ctrl pressed W</text>
      </shortcut-conflict>
      <shortcut-conflict owner="ide">
        <text>ctrl pressed T</text>
      </shortcut-conflict>
      <shortcut-conflict owner="vim">
        <text>ctrl pressed J</text>
      </shortcut-conflict>
      <shortcut-conflict owner="vim">
        <text>ctrl pressed K</text>
      </shortcut-conflict>
      <shortcut-conflict owner="vim">
        <text>ctrl pressed X</text>
      </shortcut-conflict>
      <shortcut-conflict owner="vim">
        <text>ctrl pressed V</text>
      </shortcut-conflict>
      <shortcut-conflict owner="ide">
        <text>ctrl pressed N</text>
      </shortcut-conflict>
      <shortcut-conflict owner="vim">
        <text>ctrl pressed P</text>
      </shortcut-conflict>
      <shortcut-conflict owner="vim">
        <text>ctrl pressed O</text>
      </shortcut-conflict>
      <shortcut-conflict owner="vim">
        <text>ctrl pressed I</text>
      </shortcut-conflict>
      <shortcut-conflict owner="vim">
        <text>ctrl pressed Q</text>
      </shortcut-conflict>
      <shortcut-conflict owner="ide">
        <text>ctrl pressed F</text>
      </shortcut-conflict>
      <shortcut-conflict owner="vim">
        <text>ctrl pressed R</text>
      </shortcut-conflict>
      <shortcut-conflict owner="vim">
        <text>ctrl pressed U</text>
      </shortcut-conflict>
      <shortcut-conflict owner="vim">
        <text>ctrl pressed C</text>
      </shortcut-conflict>
    </shortcut-conflicts>
  </component>
</application>