<application>
  <component name="FileTypeManager" version="19">
    <extensionMap>
      <mapping ext="dproj" type="XML" />
      <mapping ext="lpi" type="XML" />
      <removed_mapping ext="apk" approved="true" type="ARCHIVE" />
      <removed_mapping ext="config" approved="true" type="LOMBOK_CONFIG" />
      <removed_mapping ext="pdf" approved="true" type="Native" />
      <removed_mapping ext="psd" approved="true" type="Image" />
      <removed_mapping ext="rs" approved="true" type="Android RenderScript" />
      <mapping ext="lgt" type="Logtalk resource" />
    </extensionMap>
  </component>
</application>