<keymap version="1" name="MenkeTechnologiesJetBrainsKeymap" parent="Mac OS X 10.5+">
  <action id="ActivateBigDataToolWindowToolWindow">
    <keyboard-shortcut first-keystroke="shift ctrl meta b" />
  </action>
  <action id="ActivateFindToolWindow" />
  <action id="ActivateTerminalToolWindow">
    <keyboard-shortcut first-keystroke="alt f12" />
    <keyboard-shortcut first-keystroke="alt t" />
    <keyboard-shortcut first-keystroke="meta 3" />
  </action>
  <action id="Android.Designer.SwitchDesignMode" />
  <action id="BuildArtifact">
    <keyboard-shortcut first-keystroke="meta b" />
  </action>
  <action id="ChangesView.Diff" />
  <action id="CollapseExpandableComponent">
    <keyboard-shortcut first-keystroke="meta subtract" />
    <keyboard-shortcut first-keystroke="meta minus" />
  </action>
  <action id="CompareTwoFiles" />
  <action id="Console.Execute.Multiline" />
  <action id="Console.Jdbc.Execute.2">
    <keyboard-shortcut first-keystroke="meta enter" />
  </action>
  <action id="Console.TableResult.CloneRow" />
  <action id="Console.TableResult.EditValueMaximized">
    <keyboard-shortcut first-keystroke="shift alt enter" />
  </action>
  <action id="DatabaseView.CopyAction" />
  <action id="DatabaseView.PropertiesAction" />
  <action id="Debug">
    <keyboard-shortcut first-keystroke="ctrl d" />
    <keyboard-shortcut first-keystroke="meta d" />
  </action>
  <action id="Diff.ShowDiff" />
  <action id="DirDiffMenu.SynchronizeDiff.All" />
  <action id="EditorChooseLookupItemCompleteStatement">
    <keyboard-shortcut first-keystroke="shift meta enter" />
    <keyboard-shortcut first-keystroke="shift enter" />
  </action>
  <action id="EditorCompleteStatement">
    <keyboard-shortcut first-keystroke="shift meta enter" />
    <keyboard-shortcut first-keystroke="shift enter" />
  </action>
  <action id="EditorDuplicate" />
  <action id="EditorLeft">
    <keyboard-shortcut first-keystroke="left" />
  </action>
  <action id="EditorNextWord" />
  <action id="EditorPreviousWord" />
  <action id="EditorSplitLine" />
  <action id="EditorStartNewLine" />
  <action id="ExpandExpandableComponent">
    <keyboard-shortcut first-keystroke="meta add" />
    <keyboard-shortcut first-keystroke="meta equals" />
  </action>
  <action id="FileChooser.GotoDesktop" />
  <action id="FileChooser.GotoModule" />
  <action id="Git.Branches">
    <keyboard-shortcut first-keystroke="ctrl b" />
  </action>
  <action id="GotoDeclaration">
    <mouse-shortcut keystroke="meta button1" />
    <mouse-shortcut keystroke="button2" />
  </action>
  <action id="GotoLine" />
  <action id="Groovy.Shell.Execute" />
  <action id="KotlinShellExecute" />
  <action id="List-selectPreviousColumn">
    <keyboard-shortcut first-keystroke="left" />
  </action>
  <action id="NavBar-selectLeft">
    <keyboard-shortcut first-keystroke="left" />
  </action>
  <action id="NextTab">
    <keyboard-shortcut first-keystroke="shift meta close_bracket" />
    <keyboard-shortcut first-keystroke="ctrl right" />
    <keyboard-shortcut first-keystroke="alt right" />
  </action>
  <action id="OpenElementInNewWindow" />
  <action id="OpenInRightSplit">
    <mouse-shortcut keystroke="alt button1 doubleClick" />
  </action>
  <action id="PreviousTab">
    <keyboard-shortcut first-keystroke="shift meta open_bracket" />
    <keyboard-shortcut first-keystroke="ctrl left" />
    <keyboard-shortcut first-keystroke="alt left" />
  </action>
  <action id="QuickImplementations">
    <keyboard-shortcut first-keystroke="alt space" />
    <keyboard-shortcut first-keystroke="meta i" />
  </action>
  <action id="ReformatCode">
    <keyboard-shortcut first-keystroke="meta alt l" />
    <keyboard-shortcut first-keystroke="meta t" />
  </action>
  <action id="Refresh" />
  <action id="RenameElement">
    <keyboard-shortcut first-keystroke="shift f6" />
    <keyboard-shortcut first-keystroke="meta alt r" />
    <keyboard-shortcut first-keystroke="meta alt comma" />
    <keyboard-shortcut first-keystroke="ctrl r" />
  </action>
  <action id="Replace" />
  <action id="Rerun" />
  <action id="Resume">
    <keyboard-shortcut first-keystroke="f9" />
  </action>
  <action id="Run">
    <keyboard-shortcut first-keystroke="meta r" />
    <keyboard-shortcut first-keystroke="ctrl s" />
  </action>
  <action id="RunDashboard.CopyConfiguration" />
  <action id="Scala.ExpandImplicits">
    <keyboard-shortcut first-keystroke="shift ctrl alt minus" />
    <keyboard-shortcut first-keystroke="shift ctrl alt subtract" />
  </action>
  <action id="Scala.ShowImplicits">
    <keyboard-shortcut first-keystroke="shift ctrl alt equals" />
    <keyboard-shortcut first-keystroke="shift ctrl alt add" />
  </action>
  <action id="ScalaConsole.Execute" />
  <action id="SendEOF" />
  <action id="SwitchApply">
    <keyboard-shortcut first-keystroke="ctrl alt enter" />
  </action>
  <action id="SwitchDown">
    <keyboard-shortcut first-keystroke="ctrl alt down" />
  </action>
  <action id="SwitchLeft">
    <keyboard-shortcut first-keystroke="ctrl alt left" />
  </action>
  <action id="SwitchRight">
    <keyboard-shortcut first-keystroke="ctrl alt right" />
  </action>
  <action id="SwitchUp">
    <keyboard-shortcut first-keystroke="ctrl alt up" />
  </action>
  <action id="Terminal.SwitchFocusToEditor" />
  <action id="Tree-selectParent">
    <keyboard-shortcut first-keystroke="left" />
  </action>
  <action id="Uml.NodeIntentions">
    <keyboard-shortcut first-keystroke="alt enter" />
  </action>
  <action id="UsageView.Rerun" />
  <action id="UsageView.ShowRecentFindUsages" />
  <action id="Vcs.Log.FocusTextFilter" />
  <action id="Vcs.ShowMessageHistory">
    <keyboard-shortcut first-keystroke="ctrl m" />
  </action>
  <action id="Vcs.UpdateProject">
    <keyboard-shortcut first-keystroke="meta l" />
  </action>
  <action id="ViewSource" />
  <action id="VimInsertExitMode">
    <keyboard-shortcut first-keystroke="escape" />
  </action>
  <action id="android.deploy.ApplyChanges">
    <keyboard-shortcut first-keystroke="ctrl meta r" />
  </action>
  <action id="android.deploy.CodeSwap">
    <keyboard-shortcut first-keystroke="shift ctrl meta r" />
  </action>
  <action id="javaee.UpdateRunningApplication">
    <keyboard-shortcut first-keystroke="meta f10" />
    <keyboard-shortcut first-keystroke="meta e" />
  </action>
  <action id="openAssertEqualsDiff" />
</keymap>